x,rho_exact,rho_fdm,rho_present,rho_muscl,u_exact,u_fdm,u_present,u_muscl,P_exact,P_fdm,P_present,P_muscl
-4.00000000e-03,1.00000000e+00,1.00000000e+00,1.00000000e+00,1.00000000e+00,0.00000000e+00,0.00000000e+00,6.24605791e-14,0.00000000e+00,1.00000000e+00,1.00000000e+00,1.00000000e+00,1.00000000e+00
6.55409147e-04,1.00000000e+00,1.00000000e+00,1.00000000e+00,1.00000000e+00,0.00000000e+00,0.00000000e+00,6.24605791e-14,0.00000000e+00,1.00000000e+00,1.00000000e+00,1.00000000e+00,1.00000000e+00
4.91826932e-03,1.00000000e+00,1.00000000e+00,1.00000000e+00,1.00000000e+00,0.00000000e+00,0.00000000e+00,3.91085291e-14,0.00000000e+00,1.00000000e+00,1.00000000e+00,1.00000000e+00,1.00000000e+00
6.79527360e-03,1.00000000e+00,1.00000000e+00,1.00000000e+00,1.00000000e+00,0.00000000e+00,0.00000000e+00,2.18707780e-14,0.00000000e+00,1.00000000e+00,1.00000000e+00,1.00000000e+00,1.00000000e+00
1.23451435e-02,1.00000000e+00,1.00000000e+00,1.00000000e+00,1.00000000e+00,0.00000000e+00,0.00000000e+00,1.46879823e-14,0.00000000e+00,1.00000000e+00,1.00000000e+00,1.00000000e+00,1.00000000e+00
1.45406902e-02,1.00000000e+00,1.00000000e+00,1.00000000e+00,1.00000000e+00,0.00000000e+00,0.00000000e+00,1.32307436e-14,0.00000000e+00,1.00000000e+00,1.00000000e+00,1.00000000e+00,1.00000000e+00
1.92263101e-02,1.00000000e+00,1.00000000e+00,1.00000000e+00,1.00000000e+00,0.00000000e+00,0.00000000e+00,1.44808009e-14,0.00000000e+00,1.00000000e+00,1.00000000e+00,1.00000000e+00,1.00000000e+00
2.34075336e-02,1.00000000e+00,1.00000000e+00,1.00000000e+00,1.00000000e+00,0.00000000e+00,0.00000000e+00,1.79785811e-14,0.00000000e+00,1.00000000e+00,1.00000000e+00,1.00000000e+00,1.00000000e+00
2.65114710e-02,1.00000000e+00,1.00000000e+00,1.00000000e+00,1.00000000e+00,0.00000000e+00,0.00000000e+00,1.91936150e-14,0.00000000e+00,1.00000000e+00,1.00000000e+00,1.00000000e+00,1.00000000e+00
3.24061415e-02,1.00000000e+00,1.00000000e+00,1.00000000e+00,1.00000000e+00,0.00000000e+00,0.00000000e+00,8.53396510e-15,0.00000000e+00,1.00000000e+00,1.00000000e+00,1.00000000e+00,1.00000000e+00
3.51315246e-02,1.00000000e+00,1.00000000e+00,1.00000000e+00,1.00000000e+00,0.00000000e+00,0.00000000e+00,-1.72952013e-14,0.00000000e+00,1.00000000e+00,1.00000000e+00,1.00000000e+00,1.00000000e+00
4.08774961e-02,1.00000000e+00,1.00000000e+00,1.00000000e+00,1.00000000e+00,0.00000000e+00,0.00000000e+00,-9.84579311e-14,0.00000000e+00,1.00000000e+00,1.00000000e+00,1.00000000e+00,1.00000000e+00
4.43535004e-02,1.00000000e+00,1.00000000e+00,1.00000000e+00,1.00000000e+00,0.00000000e+00,0.00000000e+00,-2.55910079e-13,0.00000000e+00,1.00000000e+00,1.00000000e+00,1.00000000e+00,1.00000000e+00
4.85207546e-02,1.00000000e+00,1.00000000e+00,1.00000000e+00,1.00000000e+00,0.00000000e+00,0.00000000e+00,-5.20727361e-13,0.00000000e+00,1.00000000e+00,1.00000000e+00,1.00000000e+00,1.00000000e+00
5.19101580e-02,1.00000000e+00,1.00000000e+00,1.00000000e+00,1.00000000e+00,0.00000000e+00,0.00000000e+00,-8.97612145e-13,0.00000000e+00,1.00000000e+00,1.00000000e+00,1.00000000e+00,1.00000000e+00
5.53190601e-02,1.00000000e+00,1.00000000e+00,1.00000000e+00,1.00000000e+00,0.00000000e+00,0.00000000e+00,-1.44288041e-12,0.00000000e+00,1.00000000e+00,1.00000000e+00,1.00000000e+00,1.00000000e+00
6.00408935e-02,1.00000000e+00,1.00000000e+00,1.00000000e+00,1.00000000e+00,0.00000000e+00,0.00000000e+00,-2.41997581e-12,0.00000000e+00,1.00000000e+00,1.00000000e+00,1.00000000e+00,1.00000000e+00
6.27471016e-02,1.00000000e+00,1.00000000e+00,1.00000000e+00,1.00000000e+00,0.00000000e+00,0.00000000e+00,-3.57794182e-12,0.00000000e+00,1.00000000e+00,1.00000000e+00,1.00000000e+00,1.00000000e+00
6.91778969e-02,1.00000000e+00,1.00000000e+00,1.00000000e+00,1.00000000e+00,0.00000000e+00,4.18863010e-17,-5.98715851e-12,0.00000000e+00,1.00000000e+00,1.00000000e+00,1.00000000e+00,1.00000000e+00
7.24326680e-02,1.00000000e+00,1.00000000e+00,1.00000000e+00,1.00000000e+00,0.00000000e+00,5.22918182e-16,-1.00284508e-11,0.00000000e+00,1.00000000e+00,1.00000000e+00,1.00000000e+00,1.00000000e+00
7.72266624e-02,1.00000000e+00,1.00000000e+00,1.00000000e+00,1.00000000e+00,0.00000000e+00,1.45814246e-15,-1.50712534e-11,0.00000000e+00,1.00000000e+00,1.00000000e+00,1.00000000e+00,1.00000000e+00
8.00304677e-02,1.00000000e+00,1.00000000e+00,1.00000000e+00,1.00000000e+00,0.00000000e+00,3.81867975e-15,-2.02037788e-11,0.00000000e+00,1.00000000e+00,1.00000000e+00,1.00000000e+00,1.00000000e+00
8.29059727e-02,1.00000000e+00,1.00000000e+00,1.00000000e+00,1.00000000e+00,0.00000000e+00,7.08388794e-15,-2.42732658e-11,0.00000000e+00,1.00000000e+00,1.00000000e+00,1.00000000e+00,1.00000000e+00
8.78627950e-02,1.00000000e+00,1.00000000e+00,1.00000000e+00,1.00000000e+00,0.00000000e+00,1.39494520e-14,-2.78202318e-11,0.00000000e+00,1.00000000e+00,1.00000000e+00,1.00000000e+00,1.00000000e+00
9.12354384e-02,1.00000000e+00,1.00000000e+00,1.00000000e+00,1.00000000e+00,0.00000000e+00,3.78623263e-14,-2.66257105e-11,0.00000000e+00,1.00000000e+00,1.00000000e+00,1.00000000e+00,1.00000000e+00
9.72502792e-02,1.00000000e+00,1.00000000e+00,1.00000000e+00,1.00000000e+00,0.00000000e+00,8.16414035e-14,-3.88658884e-12,0.00000000e+00,1.00000000e+00,1.00000000e+00,1.00000000e+00,1.00000000e+00
9.91135304e-02,1.00000000e+00,1.00000000e+00,1.00000000e+00,1.00000000e+00,0.00000000e+00,2.47606548e-13,3.66937247e-11,0.00000000e+00,1.00000000e+00,1.00000000e+00,1.00000000e+00,1.00000000e+00
1.04891361e-01,1.00000000e+00,1.00000000e+00,1.00000000e+00,1.00000000e+00,0.00000000e+00,4.00247267e-13,1.44016676e-10,0.00000000e+00,1.00000000e+00,1.00000000e+00,1.00000000e+00,1.00000000e+00
1.06465886e-01,1.00000000e+00,1.00000000e+00,1.00000000e+00,1.00000000e+00,0.00000000e+00,1.15494782e-12,3.06077005e-10,0.00000000e+00,1.00000000e+00,1.00000000e+00,1.00000000e+00,1.00000000e+00
1.10824710e-01,1.00000000e+00,1.00000000e+00,1.00000000e+00,1.00000000e+00,0.00000000e+00,1.73436537e-12,5.56176584e-10,0.00000000e+00,1.00000000e+00,1.00000000e+00,9.99999999e-01,1.00000000e+00
1.16293647e-01,1.00000000e+00,1.00000000e+00,9.99999999e-01,1.00000000e+00,0.00000000e+00,4.11265349e-12,1.20995867e-09,0.00000000e+00,1.00000000e+00,1.00000000e+00,9.99999998e-01,1.00000000e+00
1.20553815e-01,1.00000000e+00,1.00000000e+00,9.99999999e-01,1.00000000e+00,0.00000000e+00,1.10316782e-11,2.33805115e-09,0.00000000e+00,1.00000000e+00,1.00000000e+00,9.99999997e-01,1.00000000e+00
1.23759285e-01,1.00000000e+00,1.00000000e+00,9.99999998e-01,1.00000000e+00,0.00000000e+00,2.51329369e-11,3.74063555e-09,0.00000000e+00,1.00000000e+00,1.00000000e+00,9.99999995e-01,1.00000000e+00
1.26465619e-01,1.00000000e+00,1.00000000e+00,9.99999997e-01,1.00000000e+00,0.00000000e+00,4.87543484e-11,5.28232526e-09,0.00000000e+00,1.00000000e+00,1.00000000e+00,9.99999993e-01,1.00000000e+00
1.32055220e-01,1.00000000e+00,1.00000000e+00,9.99999995e-01,1.00000000e+00,0.00000000e+00,8.66558203e-11,8.28374170e-09,0.00000000e+00,1.00000000e+00,1.00000000e+00,9.99999989e-01,1.00000000e+00
1.37453224e-01,1.00000000e+00,1.00000000e+00,9.99999992e-01,1.00000000e+00,0.00000000e+00,2.23175037e-10,1.41154268e-08,0.00000000e+00,1.00000000e+00,1.00000000e+00,9.99999981e-01,1.00000000e+00
1.41544439e-01,1.00000000e+00,1.00000000e+00,9.99999987e-01,1.00000000e+00,0.00000000e+00,5.53577422e-10,2.09776844e-08,0.00000000e+00,1.00000000e+00,9.99999999e-01,9.99999972e-01,1.00000000e+00
1.42834079e-01,1.00000000e+00,9.99999999e-01,9.99999985e-01,1.00000000e+00,0.00000000e+00,1.15777730e-09,2.59943800e-08,0.00000000e+00,1.00000000e+00,9.99999999e-01,9.99999965e-01,1.00000000e+00
1.48889935e-01,1.00000000e+00,9.99999999e-01,9.99999982e-01,1.00000000e+00,0.00000000e+00,1.54622992e-09,3.16447301e-08,0.00000000e+00,1.00000000e+00,9.99999998e-01,9.99999957e-01,1.00000000e+00
1.50974057e-01,1.00000000e+00,9.99999997e-01,9.99999981e-01,1.00000000e+00,0.00000000e+00,3.95224685e-09,3.59450155e-08,0.00000000e+00,1.00000000e+00,9.99999995e-01,9.99999952e-01,1.00000000e+00
1.55356830e-01,1.00000000e+00,9.99999995e-01,9.99999988e-01,1.00000000e+00,0.00000000e+00,6.00456062e-09,3.34293897e-08,0.00000000e+00,1.00000000e+00,9.99999993e-01,9.99999955e-01,1.00000000e+00
1.61579974e-01,1.00000000e+00,9.99999989e-01,1.00000001e+00,1.00000000e+00,0.00000000e+00,1.24448708e-08,1.02991341e-08,0.00000000e+00,1.00000000e+00,9.99999985e-01,9.99999983e-01,1.00000000e+00
1.64873827e-01,1.00000000e+00,9.99999974e-01,1.00000004e+00,1.00000000e+00,0.00000000e+00,3.08759292e-08,-3.91492248e-08,1.54802449e-16,1.00000000e+00,9.99999963e-01,1.00000004e+00,1.00000000e+00
1.69014093e-01,1.00000000e+00,9.99999954e-01,1.00000011e+00,1.00000000e+00,0.00000000e+00,5.42802067e-08,-1.35954947e-07,1.14025826e-15,1.00000000e+00,9.99999936e-01,1.00000016e+00,1.00000000e+00
1.71545668e-01,1.00000000e+00,9.99999912e-01,1.00000022e+00,1.00000000e+00,0.00000000e+00,1.04702139e-07,-2.83768967e-07,5.73248020e-15,1.00000000e+00,9.99999876e-01,1.00000035e+00,1.00000000e+00
1.75329825e-01,1.00000000e+00,9.99999863e-01,1.00000038e+00,1.00000000e+00,0.00000000e+00,1.62450325e-07,-5.26965986e-07,1.39029686e-14,1.00000000e+00,9.99999808e-01,1.00000067e+00,1.00000000e+00
1.80533749e-01,1.00000000e+00,9.99999752e-01,1.00000081e+00,1.00000000e+00,0.00000000e+00,2.93399830e-07,-1.09997563e-06,4.89189364e-14,1.00000000e+00,9.99999653e-01,1.00000139e+00,1.00000000e+00
1.83814580e-01,1.00000000e+00,9.99999485e-01,1.00000143e+00,1.00000000e+00,0.00000000e+00,6.09283165e-07,-1.94644010e-06,2.18098261e-13,1.00000000e+00,9.99999279e-01,1.00000244e+00,1.00000000e+00
1.87407015e-01,1.00000000e+00,9.99999148e-01,1.00000213e+00,1.00000000e+00,0.00000000e+00,1.00845193e-06,-3.04059709e-06,6.10060638e-13,1.00000000e+00,9.99998807e-01,1.00000383e+00,1.00000000e+00
1.91827773e-01,1.00000000e+00,9.99998553e-01,1.00000329e+00,1.00000000e+00,0.00000000e+00,1.71163466e-06,-4.84638582e-06,1.89966614e-12,1.00000000e+00,9.99997975e-01,1.00000615e+00,1.00000000e+00
1.96371083e-01,1.00000000e+00,9.99997350e-01,1.00000512e+00,1.00000000e+00,0.00000000e+00,3.13597416e-06,-7.70425070e-06,6.91075938e-12,1.00000000e+00,9.99996289e-01,1.00000989e+00,1.00000000e+00
2.01294081e-01,1.00000000e+00,9.99995162e-01,1.00000815e+00,1.00000000e+00,0.00000000e+00,5.72445811e-06,-1.21001284e-05,2.48966589e-11,1.00000000e+00,9.99993227e-01,1.00001552e+00,1.00000000e+00
2.05206746e-01,1.00000000e+00,9.99990993e-01,1.00001206e+00,1.00000000e+00,0.00000000e+00,1.06573654e-05,-1.72932446e-05,9.44336609e-11,1.00000000e+00,9.99987390e-01,1.00002221e+00,1.00000000e+00
2.07308346e-01,1.00000000e+00,9.99985068e-01,1.00001433e+00,1.00000000e+00,0.00000000e+00,1.76680718e-05,-2.12563143e-05,2.81785352e-10,1.00000000e+00,9.99979095e-01,1.00002760e+00,1.00000000e+00
2.11438658e-01,1.00000000e+00,9.99979981e-01,1.00001479e+00,1.00000000e+00,0.00000000e+00,2.36863304e-05,-2.43665776e-05,4.95086923e-10,1.00000000e+00,9.99971974e-01,1.00003249e+00,9.99999999e-01
2.15891600e-01,1.00000000e+00,9.99966906e-01,1.00001419e+00,9.99999999e-01,0.00000000e+00,3.91581330e-05,-2.66595374e-05,1.63445402e-09,1.00000000e+00,9.99953668e-01,1.00003693e+00,9.99999998e-01
2.20357664e-01,1.00000000e+00,9.99944509e-01,1.00001209e+00,9.99999996e-01,0.00000000e+00,6.56588925e-05,-2.55777278e-05,5.18725143e-09,1.00000000e+00,9.99922314e-01,1.00003745e+00,9.99999994e-01
2.25219761e-01,1.00000000e+00,9.99908434e-01,1.00000327e+00,9.99999986e-01,0.00000000e+00,1.08344277e-04,-1.70549154e-05,1.61019235e-08,1.00000000e+00,9.99871812e-01,1.00002883e+00,9.99999981e-01
2.26898774e-01,1.00000000e+00,9.99846478e-01,9.99993068e-01,9.99999962e-01,0.00000000e+00,1.81659586e-04,-4.60941179e-06,4.52958460e-08,1.00000000e+00,9.99785077e-01,1.00001477e+00,9.99999946e-01
2.30931177e-01,1.00000000e+00,9.99812330e-01,9.99988536e-01,9.99999943e-01,0.00000000e+00,2.22065654e-04,1.54240458e-05,6.73113001e-08,1.00000000e+00,9.99737277e-01,9.99992665e-01,9.99999920e-01
2.37512769e-01,1.00000000e+00,9.99714411e-01,9.99939768e-01,9.99999831e-01,0.00000000e+00,3.37930076e-04,7.14370890e-05,2.00059749e-07,1.00000000e+00,9.99600218e-01,9.99923778e-01,9.99999763e-01
2.38788911e-01,1.00000000e+00,9.99482249e-01,9.99868869e-01,9.99999496e-01,0.00000000e+00,6.12724539e-04,1.47569282e-04,5.96819445e-07,1.00000000e+00,9.99275235e-01,9.99831272e-01,9.99999294e-01
2.42765191e-01,1.00000000e+00,9.99405792e-01,9.99812667e-01,9.99999326e-01,0.00000000e+00,7.03193886e-04,2.42743392e-04,7.97285619e-07,1.00000000e+00,9.99168254e-01,9.99720108e-01,9.99999057e-01
2.47948396e-01,1.00000000e+00,9.99137885e-01,9.99600282e-01,9.99998104e-01,0.00000000e+00,1.02028654e-03,4.71049969e-04,2.24315317e-06,1.00000000e+00,9.98793371e-01,9.99446996e-01,9.99997346e-01
2.51562068e-01,1.00000000e+00,9.98656415e-01,9.99295658e-01,9.99994408e-01,0.00000000e+00,1.59039484e-03,8.04822644e-04,6.61693260e-06,1.00000000e+00,9.98119683e-01,9.99053000e-01,9.99992171e-01
2.55423589e-01,1.00000000e+00,9.98165401e-01,9.98965300e-01,9.99988441e-01,0.00000000e+00,2.17192290e-03,1.23692901e-03,1.36764854e-05,1.00000000e+00,9.97432878e-01,9.98550088e-01,9.99983818e-01
2.59118447e-01,1.00000000e+00,9.97484918e-01,9.98410152e-01,9.99973926e-01,0.00000000e+00,2.97820357e-03,1.92648112e-03,3.08509832e-05,1.00000000e+00,9.96481296e-01,9.97756416e-01,9.99963497e-01
2.65236539e-01,1.00000000e+00,9.96640055e-01,9.97392871e-01,9.99945889e-01,0.00000000e+00,3.97893072e-03,3.13043099e-03,6.40262954e-05,1.00000000e+00,9.95301056e-01,9.96252917e-01,9.99924245e-01
2.67020933e-01,1.00000000e+00,9.94873750e-01,9.96498842e-01,9.99866719e-01,0.00000000e+00,6.07660833e-03,4.21385408e-03,1.57708721e-04,1.00000000e+00,9.92831735e-01,9.95004570e-01,9.99813412e-01
2.73301131e-01,1.00000000e+00,9.94147340e-01,9.95076323e-01,9.99820057e-01,0.00000000e+00,6.93571154e-03,5.85302766e-03,2.12917190e-04,1.00000000e+00,9.91821000e-01,9.93074958e-01,9.99748098e-01
2.77501155e-01,1.00000000e+00,9.91327485e-01,9.93013081e-01,9.99483295e-01,0.00000000e+00,1.02896856e-02,8.34154212e-03,6.11465341e-04,1.00000000e+00,9.87886527e-01,9.90031848e-01,9.99276701e-01
2.78445213e-01,1.00000000e+00,9.88777719e-01,9.91452584e-01,9.99194356e-01,0.00000000e+00,1.33348326e-02,1.01782857e-02,9.53611494e-04,1.00000000e+00,9.84326658e-01,9.87935513e-01,9.98872282e-01
2.83951298e-01,1.00000000e+00,9.88075640e-01,9.89478831e-01,9.99069994e-01,0.00000000e+00,1.41598616e-02,1.27141339e-02,1.10062593e-03,1.00000000e+00,9.83361762e-01,9.85049336e-01,9.98698428e-01
2.87426488e-01,1.00000000e+00,9.83855300e-01,9.85739493e-01,9.97756735e-01,0.00000000e+00,1.92085357e-02,1.69764910e-02,2.65654791e-03,1.00000000e+00,9.77487712e-01,9.80068269e-01,9.96860852e-01
2.93535601e-01,1.00000000e+00,9.80535073e-01,9.81137297e-01,9.96648680e-01,0.00000000e+00,2.31676947e-02,2.27505035e-02,3.96917926e-03,1.00000000e+00,9.72897455e-01,9.73415129e-01,9.95313023e-01
2.95901250e-01,1.00000000e+00,9.73952655e-01,9.75890911e-01,9.93574900e-01,0.00000000e+00,3.11138329e-02,2.89255754e-02,7.62100103e-03,1.00000000e+00,9.63751774e-01,9.66313107e-01,9.91016512e-01
2.99940803e-01,1.00000000e+00,9.70845756e-01,9.71386802e-01,9.91792962e-01,0.00000000e+00,3.48465299e-02,3.42632714e-02,9.73866782e-03,1.00000000e+00,9.59477483e-01,9.60251596e-01,9.88534196e-01
3.03346305e-01,1.00000000e+00,9.65186809e-01,9.67120200e-01,9.86837738e-01,0.00000000e+00,4.17095558e-02,3.97272320e-02,1.56512033e-02,1.00000000e+00,9.51665013e-01,9.53959496e-01,9.81621740e-01
3.07183952e-01,1.00000000e+00,9.59872627e-01,9.61263514e-01,9.82500670e-01,0.00000000e+00,4.81657768e-02,4.63772696e-02,2.08481557e-02,1.00000000e+00,9.44363073e-01,9.46325297e-01,9.75597992e-01
3.12200557e-01,1.00000000e+00,9.53353956e-01,9.51989663e-01,9.74823793e-01,0.00000000e+00,5.60941315e-02,5.53907474e-02,3.00902063e-02,1.00000000e+00,9.35456213e-01,9.36122736e-01,9.64955051e-01
3.17202432e-01,1.00000000e+00,9.44103879e-01,9.43087813e-01,9.63472738e-01,0.00000000e+00,6.74510491e-02,6.71780074e-02,4.38423534e-02,1.00000000e+00,9.22826592e-01,9.23048613e-01,9.49253672e-01
3.21169168e-01,1.00000000e+00,9.33986897e-01,9.37312072e-01,9.52814732e-01,0.00000000e+00,8.00225423e-02,7.87706221e-02,5.69168362e-02,1.00000000e+00,9.09023987e-01,9.10332121e-01,9.34586140e-01
3.23760175e-01,9.94179366e-01,9.25328788e-01,9.32034921e-01,9.43669027e-01,6.90315777e-03,9.09126641e-02,8.80779912e-02,6.81957050e-02,9.91860610e-01,8.97215977e-01,9.00281501e-01,9.22032098e-01
3.27014030e-01,9.79065475e-01,9.19319933e-01,9.19912095e-01,9.36511449e-01,2.49801284e-02,9.84517812e-02,9.69127180e-02,7.70681373e-02,9.70814894e-01,8.89113647e-01,8.90748378e-01,9.12317084e-01
3.32736196e-01,9.52932654e-01,9.11380080e-01,9.04213800e-01,9.24772982e-01,5.67699442e-02,1.08294804e-01,1.10340720e-01,9.17003362e-02,9.34731961e-01,8.78607431e-01,8.76629601e-01,8.96467179e-01
3.37373033e-01,9.32168401e-01,8.97063889e-01,8.98715916e-01,9.06852033e-01,8.25301462e-02,1.26595701e-01,1.27755783e-01,1.14400326e-01,9.06342046e-01,8.59394656e-01,8.58394589e-01,8.72186313e-01
3.39667459e-01,9.22028465e-01,8.84912015e-01,8.87588551e-01,8.94529521e-01,9.52769610e-02,1.42475347e-01,1.41210317e-01,1.30457682e-01,8.92569537e-01,8.43031440e-01,8.44855398e-01,8.55451889e-01
3.44323804e-01,9.01721552e-01,8.78522248e-01,8.78267736e-01,8.86684962e-01,1.21145541e-01,1.50634672e-01,1.53979941e-01,1.40305313e-01,8.65169957e-01,8.34705911e-01,8.31957666e-01,8.45343370e-01
3.46664220e-01,8.91650713e-01,8.65594655e-01,8.70807524e-01,8.70814726e-01,1.34147853e-01,1.67782799e-01,1.67071061e-01,1.61223189e-01,8.51672581e-01,8.17483679e-01,8.18473395e-01,8.24092023e-01
3.50864343e-01,8.73803273e-01,8.58813635e-01,8.57168110e-01,8.62736112e-01,1.57481869e-01,1.76658912e-01,1.79489558e-01,1.71824175e-01,8.27902385e-01,8.08670892e-01,8.05915481e-01,8.13571680e-01
3.55355676e-01,8.55035788e-01,8.46476525e-01,8.40015787e-01,8.44477199e-01,1.82433717e-01,1.93059660e-01,1.95607030e-01,1.96367806e-01,8.03115504e-01,7.92614049e-01,7.89930220e-01,7.89368607e-01
3.60437215e-01,8.34192341e-01,8.32955300e-01,8.24575545e-01,8.28978154e-01,2.10664491e-01,2.11204149e-01,2.15368332e-01,2.17660935e-01,7.75840912e-01,7.75163261e-01,7.71299279e-01,7.69258038e-01
3.64719195e-01,8.16945901e-01,8.17472730e-01,8.16527624e-01,8.12568529e-01,2.34453267e-01,2.32479359e-01,2.36045382e-01,2.39983605e-01,7.53478071e-01,7.55140077e-01,7.52059523e-01,7.48309289e-01
3.66756079e-01,8.08842740e-01,8.04375729e-01,8.06776074e-01,8.01021471e-01,2.45769290e-01,2.50916954e-01,2.51231879e-01,2.57289439e-01,7.43035782e-01,7.38164246e-01,7.38348632e-01,7.32525208e-01
3.72392971e-01,7.86752649e-01,7.97849657e-01,7.93574236e-01,7.93280300e-01,2.77085361e-01,2.59744922e-01,2.68410187e-01,2.67320108e-01,7.14781823e-01,7.30107738e-01,7.22881405e-01,7.23496866e-01
3.74566495e-01,7.78365036e-01,7.80185784e-01,7.80349541e-01,7.72977661e-01,2.89160492e-01,2.85095492e-01,2.86054981e-01,2.96330158e-01,7.04136159e-01,7.07517717e-01,7.06828598e-01,6.97858622e-01
3.81218199e-01,7.53139594e-01,7.72991280e-01,7.66275021e-01,7.65027681e-01,3.26114404e-01,2.94872616e-01,3.01219011e-01,3.07260930e-01,6.72396852e-01,6.98900414e-01,6.93559291e-01,6.88410781e-01
3.83758057e-01,7.43681997e-01,7.51743031e-01,7.52244306e-01,7.40681147e-01,3.40224727e-01,3.26180248e-01,3.22600075e-01,3.42989289e-01,6.60605485e-01,6.72119616e-01,6.75070037e-01,6.58217583e-01
3.86785529e-01,7.32533065e-01,7.43803458e-01,7.39471370e-01,7.32159383e-01,3.57044011e-01,3.38105611e-01,3.41611029e-01,3.56075735e-01,6.46782299e-01,6.62143730e-01,6.59386777e-01,6.47558357e-01
3.93433090e-01,7.08521675e-01,7.33904633e-01,7.20698769e-01,7.20333674e-01,3.93974909e-01,3.52464612e-01,3.64502329e-01,3.74328874e-01,6.17297328e-01,6.50245929e-01,6.40912197e-01,6.32878844e-01
3.97578448e-01,6.93870056e-01,7.12405075e-01,7.05689264e-01,6.98301029e-01,4.17004676e-01,3.85335223e-01,3.92323389e-01,4.08707349e-01,5.99500299e-01,6.23829680e-01,6.19065193e-01,6.05774075e-01
3.98832151e-01,6.89486967e-01,6.99299503e-01,6.99802331e-01,6.87949394e-01,4.23969689e-01,4.05881955e-01,4.10149237e-01,4.25485142e-01,5.94205252e-01,6.07802081e-01,6.05597438e-01,5.93034146e-01
4.03142082e-01,6.74587597e-01,6.95354453e-01,6.93674943e-01,6.83613654e-01,4.47913753e-01,4.12001859e-01,4.23811405e-01,4.32050872e-01,5.76306733e-01,6.03073666e-01,5.95071844e-01,5.88089399e-01
4.08220128e-01,6.57364565e-01,6.81637776e-01,6.77914736e-01,6.63506085e-01,4.76125122e-01,4.33697229e-01,4.43338242e-01,4.64584506e-01,5.55813135e-01,5.86612509e-01,5.79863451e-01,5.64069117e-01
4.12917931e-01,6.41746180e-01,6.65498308e-01,6.59475123e-01,6.48289081e-01,5.02224025e-01,4.59742988e-01,4.68221448e-01,4.90056225e-01,5.37413546e-01,5.67373854e-01,5.61435000e-01,5.45785142e-01
4.16926411e-01,6.28655537e-01,6.50729641e-01,6.44738744e-01,6.34753039e-01,5.24493359e-01,4.84067478e-01,4.92670430e-01,5.13125388e-01,5.22129033e-01,5.49905074e-01,5.44185005e-01,5.29819976e-01
4.19726742e-01,6.19637816e-01,6.38324202e-01,6.34723537e-01,6.23593593e-01,5.40050754e-01,5.04913415e-01,5.12637702e-01,5.32281750e-01,5.11673683e-01,5.35311349e-01,5.30575548e-01,5.16746911e-01
4.22617237e-01,6.10438587e-01,6.29792721e-01,6.27885381e-01,6.15053506e-01,5.56109056e-01,5.19420662e-01,5.27878757e-01,5.47265391e-01,5.01070425e-01,5.25349463e-01,5.20283751e-01,5.06844736e-01
4.26887203e-01,5.97049302e-01,6.20979201e-01,6.18412569e-01,6.06072693e-01,5.79831093e-01,5.34480801e-01,5.43886841e-01,5.63121889e-01,4.85751637e-01,5.15165985e-01,5.09259085e-01,4.96488176e-01
4.31631138e-01,5.82450390e-01,6.07904356e-01,6.03662143e-01,5.90910397e-01,6.06186287e-01,5.57183057e-01,5.65373391e-01,5.90613620e-01,4.69204876e-01,5.00140588e-01,4.94759926e-01,4.78855885e-01
4.37542711e-01,5.64659348e-01,5.93369185e-01,5.85594785e-01,5.76933180e-01,6.39028356e-01,5.82744579e-01,5.94533639e-01,6.15608307e-01,4.49263495e-01,4.83665375e-01,4.76094045e-01,4.63236998e-01
4.39238166e-01,5.59637902e-01,5.75447653e-01,5.72237173e-01,5.63674449e-01,6.48447555e-01,6.15387165e-01,6.19405565e-01,6.40222961e-01,4.43680118e-01,4.63347153e-01,4.60947582e-01,4.48468204e-01
4.45210446e-01,5.42233529e-01,5.70389257e-01,5.61656628e-01,5.58808829e-01,6.81626888e-01,6.24345072e-01,6.40663007e-01,6.49337599e-01,4.24483601e-01,4.57869877e-01,4.48345796e-01,4.43077886e-01
4.47315236e-01,5.36204033e-01,5.52552248e-01,5.50659569e-01,5.40554450e-01,6.93320166e-01,6.57853604e-01,6.62425246e-01,6.84340518e-01,4.17890123e-01,4.37984688e-01,4.35581906e-01,4.22828070e-01
4.52240693e-01,5.22303762e-01,5.46481099e-01,5.41180515e-01,5.34754778e-01,7.20683815e-01,6.69159736e-01,6.81504561e-01,6.95707077e-01,4.02802740e-01,4.31427920e-01,4.24555609e-01,4.16468576e-01
4.55122529e-01,5.14305519e-01,5.32192825e-01,5.30634598e-01,5.19776455e-01,7.36694016e-01,6.96797928e-01,7.02156084e-01,7.25330058e-01,3.94193681e-01,4.15791933e-01,4.12834780e-01,4.00128175e-01
4.59237992e-01,5.03053646e-01,5.24076683e-01,5.20676132e-01,5.11731142e-01,7.59557696e-01,7.12595077e-01,7.21655533e-01,7.41002831e-01,3.82173017e-01,4.07068827e-01,4.02000283e-01,3.91820971e-01
4.62504107e-01,4.94264839e-01,5.12486124e-01,5.10776599e-01,4.99804681e-01,7.77702778e-01,7.35690100e-01,7.40716988e-01,7.64523088e-01,3.72858118e-01,3.94608238e-01,3.91578353e-01,3.79437953e-01
4.69563985e-01,4.75686856e-01,5.03326237e-01,4.97858494e-01,4.91012122e-01,8.16924325e-01,7.53835639e-01,7.65686735e-01,7.82323715e-01,3.53386221e-01,3.85029084e-01,3.78366936e-01,3.70452543e-01
4.72161326e-01,4.68994310e-01,4.82948678e-01,4.83608664e-01,4.72403554e-01,8.31353997e-01,7.96318606e-01,7.94659272e-01,8.21522552e-01,3.46445243e-01,3.63435686e-01,3.63738693e-01,3.51072258e-01
4.74773681e-01,4.62339272e-01,4.76195815e-01,4.73786669e-01,4.66093152e-01,8.45867079e-01,8.10643322e-01,8.15582142e-01,8.35492983e-01,3.39582342e-01,3.56392260e-01,3.53572273e-01,3.44413799e-01
4.79052828e-01,4.51601437e-01,4.69456219e-01,4.66675527e-01,4.59828817e-01,8.69640118e-01,8.25026776e-01,8.31320614e-01,8.49564079e-01,3.28592345e-01,3.49435817e-01,3.46059047e-01,3.37830657e-01
4.84504837e-01,4.38210498e-01,4.58211550e-01,4.57041060e-01,4.47392929e-01,8.99929059e-01,8.49487613e-01,8.52409545e-01,8.77141481e-01,3.15032883e-01,3.37874496e-01,3.36147350e-01,3.25113600e-01
4.86775942e-01,4.32726943e-01,4.43926460e-01,4.46799253e-01,4.37910100e-01,9.12546311e-01,8.81504900e-01,8.75051649e-01,8.99402213e-01,3.09527693e-01,3.23246031e-01,3.25766261e-01,3.15208517e-01
4.93170202e-01,4.26319428e-01,4.38897523e-01,4.38131327e-01,4.33120484e-01,9.27452620e-01,8.92769126e-01,8.94562338e-01,9.09616645e-01,3.03130178e-01,3.18227495e-01,3.17034746e-01,3.10782021e-01
4.95909580e-01,4.26319428e-01,4.23857553e-01,4.30586203e-01,4.22578915e-01,9.27452620e-01,9.27712416e-01,9.11878139e-01,9.33386438e-01,3.03130178e-01,3.03091554e-01,3.09468613e-01,3.00610713e-01
4.98584137e-01,4.26319428e-01,4.21981107e-01,4.27805010e-01,4.22610644e-01,9.27452620e-01,9.32080609e-01,9.18268816e-01,9.33074633e-01,3.03130178e-01,3.01244220e-01,3.06696363e-01,3.00747921e-01
5.04854400e-01,4.26319428e-01,4.21578908e-01,4.29147808e-01,4.23248312e-01,9.27452620e-01,9.32835607e-01,9.14904911e-01,9.31151847e-01,3.03130178e-01,3.00928050e-01,3.08099302e-01,3.01577499e-01
5.08320694e-01,4.26319428e-01,4.21907599e-01,4.26012911e-01,4.23852551e-01,9.27452620e-01,9.31932602e-01,9.21980275e-01,9.29793695e-01,3.03130178e-01,3.01309963e-01,3.05050845e-01,3.02169396e-01
5.10671975e-01,4.26319428e-01,4.22209037e-01,4.23544302e-01,4.24078063e-01,9.27452620e-01,9.31126938e-01,9.27464473e-01,9.29385441e-01,3.03130178e-01,3.01650741e-01,3.02740121e-01,3.02351607e-01
5.17486849e-01,4.26319428e-01,4.22311178e-01,4.23634379e-01,4.24591857e-01,9.27452620e-01,9.30548325e-01,9.27025268e-01,9.28686902e-01,3.03130178e-01,3.01896663e-01,3.02973897e-01,3.02674596e-01
5.21273005e-01,4.26319428e-01,4.22712076e-01,4.23444505e-01,4.24915103e-01,9.27452620e-01,9.29389019e-01,9.27387494e-01,9.28440080e-01,3.03130178e-01,3.02387499e-01,3.02851565e-01,3.02815783e-01
5.23522580e-01,4.26319428e-01,4.22631041e-01,4.23221384e-01,4.24602068e-01,9.27452620e-01,9.29448174e-01,9.27855499e-01,9.29284372e-01,3.03130178e-01,3.02362756e-01,3.02697129e-01,3.02460929e-01
5.28615881e-01,4.26319428e-01,4.22460041e-01,4.22981105e-01,4.24408287e-01,9.27452620e-01,9.29515217e-01,9.28431345e-01,9.29865588e-01,3.03130178e-01,3.02334634e-01,3.02512133e-01,3.02232161e-01
5.33119256e-01,4.26319428e-01,4.22275856e-01,4.22810274e-01,4.24055004e-01,9.27452620e-01,9.29625901e-01,9.28892904e-01,9.30557983e-01,3.03130178e-01,3.02287725e-01,3.02355318e-01,3.01948506e-01
5.35445265e-01,4.26319428e-01,4.22283287e-01,4.22934851e-01,4.24803921e-01,9.27452620e-01,9.29433002e-01,9.28552449e-01,9.28614162e-01,3.03130178e-01,3.02369109e-01,3.02519105e-01,3.02768280e-01
5.38820872e-01,4.26319428e-01,4.22301875e-01,4.22968607e-01,4.25457315e-01,9.27452620e-01,9.29120032e-01,9.28129332e-01,9.27257713e-01,3.03130178e-01,3.02501166e-01,3.02717371e-01,3.03364681e-01
5.45595775e-01,4.26319428e-01,4.22213201e-01,4.22993381e-01,4.25310415e-01,9.27452620e-01,9.28706704e-01,9.27617173e-01,9.26455477e-01,3.03130178e-01,3.02675023e-01,3.02938504e-01,3.03661113e-01
5.47488061e-01,4.26319428e-01,4.22339657e-01,4.22330642e-01,4.25229932e-01,9.27452620e-01,9.28224985e-01,9.28612716e-01,9.26239392e-01,3.03130178e-01,3.02878601e-01,3.02516357e-01,3.03743032e-01
5.53029656e-01,4.26319428e-01,4.22038232e-01,4.21366346e-01,4.24669737e-01,9.27452620e-01,9.28306486e-01,9.30248159e-01,9.26996845e-01,3.03130178e-01,3.02843075e-01,3.01835363e-01,3.03418130e-01
5.55972991e-01,4.26319428e-01,4.21761616e-01,4.21517370e-01,4.23821750e-01,9.27452620e-01,9.28590415e-01,9.29493046e-01,9.28540913e-01,3.03130178e-01,3.02722423e-01,3.02147161e-01,3.02744820e-01
5.60310769e-01,4.26319428e-01,4.21437914e-01,4.22127209e-01,4.23636339e-01,9.27452620e-01,9.28694543e-01,9.27547545e-01,9.28716836e-01,3.03130178e-01,3.02677599e-01,3.02950522e-01,3.02705832e-01
5.63003329e-01,4.26319428e-01,4.21248887e-01,4.22201631e-01,4.23959947e-01,9.27452620e-01,9.28675864e-01,9.26594656e-01,9.27921717e-01,3.03130178e-01,3.02685017e-01,3.03339580e-01,3.03028204e-01
5.66618560e-01,4.26319428e-01,4.20971505e-01,4.21440188e-01,4.24109954e-01,9.27452620e-01,9.28573414e-01,9.27393446e-01,9.27489945e-01,3.03130178e-01,3.02727792e-01,3.03000413e-01,3.03249507e-01
5.71685895e-01,4.26319428e-01,4.20392830e-01,4.20015330e-01,4.24080688e-01,9.27452620e-01,9.28477521e-01,9.29638944e-01,9.27525110e-01,3.03130178e-01,3.02767852e-01,3.02092817e-01,3.03270230e-01
5.77277572e-01,4.26319428e-01,4.19376905e-01,4.20220232e-01,4.23417756e-01,9.27452620e-01,9.28480004e-01,9.28184050e-01,9.28700677e-01,3.03130178e-01,3.02766738e-01,3.02745187e-01,3.02790979e-01
5.79639507e-01,4.26319428e-01,4.18822975e-01,4.19593086e-01,4.23175617e-01,9.27452620e-01,9.28612044e-01,9.28468174e-01,9.29542708e-01,3.03130178e-01,3.02711116e-01,3.02689917e-01,3.02416856e-01
5.85226283e-01,4.26319428e-01,4.17038525e-01,4.17857478e-01,4.23082748e-01,9.27452620e-01,9.28612204e-01,9.31623994e-01,9.28998077e-01,3.03130178e-01,3.02711672e-01,3.01564457e-01,3.02623236e-01
5.88364243e-01,4.26319428e-01,4.15857719e-01,4.16616838e-01,4.23411737e-01,9.27452620e-01,9.28474921e-01,9.31981018e-01,9.27441619e-01,3.03130178e-01,3.02769844e-01,3.01617163e-01,3.03266624e-01
5.90726983e-01,4.26319428e-01,4.14842066e-01,4.17421858e-01,4.23284032e-01,9.27452620e-01,9.28302408e-01,9.27671901e-01,9.27154124e-01,3.03130178e-01,3.02842696e-01,3.03341010e-01,3.03338845e-01
5.96899797e-01,4.26319428e-01,4.10540651e-01,4.19002234e-01,4.21985290e-01,9.27452620e-01,9.28216411e-01,9.20636981e-01,9.27411798e-01,3.03130178e-01,3.02880154e-01,3.05811746e-01,3.03187811e-01
5.98526465e-01,4.26319428e-01,4.09335911e-01,4.12611453e-01,4.21252516e-01,9.27452620e-01,9.28090777e-01,9.24994309e-01,9.28193106e-01,3.03130178e-01,3.02932943e-01,3.03919612e-01,3.02822861e-01
6.04783039e-01,4.26319428e-01,4.02420945e-01,4.04150617e-01,4.18669315e-01,9.27452620e-01,9.28090089e-01,9.30018297e-01,9.28128251e-01,3.03130178e-01,3.02934693e-01,3.01823527e-01,3.02817921e-01
6.08019170e-01,4.26319428e-01,3.98248132e-01,3.98736224e-01,4.16531245e-01,9.27452620e-01,9.28057414e-01,9.29389730e-01,9.27450299e-01,3.03130178e-01,3.02948899e-01,3.02150441e-01,3.03066787e-01
6.12537396e-01,4.26319428e-01,3.91168152e-01,3.93302394e-01,4.12068680e-01,9.27452620e-01,9.27981649e-01,9.27571008e-01,9.27010759e-01,3.03130178e-01,3.02980791e-01,3.02826875e-01,3.03259578e-01
6.15141316e-01,4.26319428e-01,3.86693698e-01,3.84306178e-01,4.08156883e-01,9.27452620e-01,9.27846561e-01,9.28243324e-01,9.26688959e-01,3.03130178e-01,3.03036057e-01,3.02637629e-01,3.03383533e-01
6.21317354e-01,4.26319428e-01,3.73838716e-01,3.76718560e-01,3.92710345e-01,9.27452620e-01,9.27760573e-01,9.26136332e-01,9.26435225e-01,3.03130178e-01,3.03070565e-01,3.03453250e-01,3.03508324e-01
6.22788125e-01,4.26319428e-01,3.70717670e-01,3.69236082e-01,3.88829315e-01,9.27452620e-01,9.27570465e-01,9.23682895e-01,9.25935902e-01,3.03130178e-01,3.03146033e-01,3.04241870e-01,3.03720727e-01
6.27584384e-01,4.26319428e-01,3.59366801e-01,3.57298980e-01,3.77152368e-01,9.27452620e-01,9.27531382e-01,9.25311542e-01,9.25961471e-01,3.03130178e-01,3.03160132e-01,3.03603397e-01,3.03735184e-01
6.31286769e-01,4.26319428e-01,3.50213261e-01,3.44484738e-01,3.64095386e-01,9.27452620e-01,9.27446405e-01,9.26395025e-01,9.26107444e-01,3.03130178e-01,3.03191766e-01,3.03176497e-01,3.03693113e-01
6.36885269e-01,4.26319428e-01,3.36106388e-01,3.33274002e-01,3.40179917e-01,9.27452620e-01,9.27430485e-01,9.26936102e-01,9.26685879e-01,3.03130178e-01,3.03194897e-01,3.03022388e-01,3.03498530e-01
6.39771207e-01,2.65573712e-01,3.28869463e-01,3.23822692e-01,3.28498892e-01,9.27452620e-01,9.27440699e-01,9.27022698e-01,9.27111242e-01,3.03130178e-01,3.03189355e-01,3.03092023e-01,3.03342113e-01
6.44663189e-01,2.65573712e-01,3.17197125e-01,3.14766923e-01,3.09493268e-01,9.27452620e-01,9.27424408e-01,9.26981234e-01,9.27165080e-01,3.03130178e-01,3.03192161e-01,3.03241813e-01,3.03345917e-01
6.47545850e-01,2.65573712e-01,3.10627277e-01,3.06787612e-01,3.00206311e-01,9.27452620e-01,9.27353615e-01,9.26190401e-01,9.26988039e-01,3.03130178e-01,3.03215957e-01,3.03508417e-01,3.03413759e-01
6.52083720e-01,2.65573712e-01,3.01271873e-01,2.97629162e-01,2.88542964e-01,9.27452620e-01,9.27283042e-01,9.27544350e-01,9.26723594e-01,3.03130178e-01,3.03237770e-01,3.03114649e-01,3.03512607e-01
6.56325758e-01,2.65573712e-01,2.93550747e-01,2.90261584e-01,2.78102117e-01,9.27452620e-01,9.27226025e-01,9.29068694e-01,9.26621179e-01,3.03130178e-01,3.03254366e-01,3.02547569e-01,3.03553574e-01
6.59794147e-01,2.65573712e-01,2.87940466e-01,2.82859760e-01,2.73491179e-01,9.27452620e-01,9.27327496e-01,9.30459482e-01,9.26980586e-01,3.03130178e-01,3.03215572e-01,3.02042393e-01,3.03433018e-01
6.65580668e-01,2.65573712e-01,2.80620243e-01,2.77642954e-01,2.68311582e-01,9.27452620e-01,9.27573327e-01,9.28720274e-01,9.28200493e-01,3.03130178e-01,3.03124781e-01,3.02716880e-01,3.03023481e-01
6.68458613e-01,2.65573712e-01,2.77379313e-01,2.75695770e-01,2.66172573e-01,9.27452620e-01,9.28130013e-01,9.24739288e-01,9.30383017e-01,3.03130178e-01,3.02930644e-01,3.04023840e-01,3.02280077e-01
6.70617621e-01,2.65573712e-01,2.75255708e-01,2.73032971e-01,2.65399791e-01,9.27452620e-01,9.28386124e-01,9.23393030e-01,9.30856827e-01,3.03130178e-01,3.02841134e-01,3.04442242e-01,3.02126076e-01
6.75186229e-01,2.65573712e-01,2.71930736e-01,2.70013791e-01,2.64737589e-01,9.27452620e-01,9.28470238e-01,9.25145897e-01,9.30726827e-01,3.03130178e-01,3.02807661e-01,3.03845707e-01,3.02169839e-01
6.78518128e-01,2.65573712e-01,2.70023565e-01,2.67486086e-01,2.65028135e-01,9.27452620e-01,9.28468520e-01,9.29942691e-01,9.28920065e-01,3.03130178e-01,3.02803609e-01,3.02250822e-01,3.02761442e-01
6.82405381e-01,2.65573712e-01,2.68426269e-01,2.66140220e-01,2.65213263e-01,9.27452620e-01,9.28233632e-01,9.33158885e-01,9.27564040e-01,3.03130178e-01,3.02875268e-01,3.01235658e-01,3.03227059e-01
6.89293432e-01,2.65573712e-01,2.66827623e-01,2.66905790e-01,2.65666021e-01,9.27452620e-01,9.27894371e-01,9.30205919e-01,9.27128059e-01,3.03130178e-01,3.02953581e-01,3.02320776e-01,3.03321083e-01
6.91377078e-01,2.65573712e-01,2.66489395e-01,2.67230976e-01,2.65784614e-01,9.27452620e-01,9.27571686e-01,9.30949830e-01,9.27154963e-01,3.03130178e-01,3.03048753e-01,3.01994075e-01,3.03306706e-01
6.96498090e-01,2.65573712e-01,2.65900894e-01,2.67968608e-01,2.66039231e-01,9.27452620e-01,9.27511865e-01,9.30292779e-01,9.27347099e-01,3.03130178e-01,3.03006334e-01,3.01891506e-01,3.03220035e-01
7.00902336e-01,2.65573712e-01,2.65582444e-01,2.68913808e-01,2.66096457e-01,9.27452620e-01,9.27421963e-01,9.26255596e-01,9.27712945e-01,3.03130178e-01,3.02946170e-01,3.02869859e-01,3.03056021e-01
7.03216569e-01,2.65573712e-01,2.65484905e-01,2.67695514e-01,2.66241341e-01,9.27452620e-01,9.27204118e-01,9.28391394e-01,9.27159708e-01,3.03130178e-01,3.02958961e-01,3.01430682e-01,3.03230508e-01
7.08742636e-01,2.65573712e-01,2.65283431e-01,2.66620820e-01,2.66297483e-01,9.27452620e-01,9.26626413e-01,9.27503446e-01,9.26237586e-01,3.03130178e-01,3.02863752e-01,3.00634906e-01,3.03569264e-01
7.13578472e-01,2.65573712e-01,2.65106184e-01,2.68965497e-01,2.66107061e-01,9.27452620e-01,9.25711421e-01,9.10216903e-01,9.25889791e-01,3.03130178e-01,3.02722712e-01,3.05573058e-01,3.03588093e-01
7.16029358e-01,2.65573712e-01,2.64975067e-01,2.67388590e-01,2.65628124e-01,9.27452620e-01,9.25278241e-01,9.06601398e-01,9.26852018e-01,3.03130178e-01,3.02576767e-01,3.06258804e-01,3.03233777e-01
7.20731672e-01,2.65573712e-01,2.64630648e-01,2.62586970e-01,2.65519820e-01,9.27452620e-01,9.23814595e-01,9.14380407e-01,9.26355644e-01,3.03130178e-01,3.02108229e-01,3.03746168e-01,3.03357193e-01
7.24773856e-01,2.65573712e-01,2.64237389e-01,2.58349557e-01,2.65603862e-01,9.27452620e-01,9.21826002e-01,9.23960989e-01,9.25726548e-01,3.03130178e-01,3.01491644e-01,3.01483682e-01,3.03453876e-01
7.28908433e-01,2.65573712e-01,2.63638816e-01,2.55613862e-01,2.65546154e-01,9.27452620e-01,9.18761765e-01,9.32996838e-01,9.26427062e-01,3.03130178e-01,3.00455377e-01,2.99872193e-01,3.03124996e-01
7.32965690e-01,2.65573712e-01,2.62773170e-01,2.55384180e-01,2.65768886e-01,9.27452620e-01,9.14010762e-01,9.36201655e-01,9.26169766e-01,3.03130178e-01,2.98900712e-01,2.99206010e-01,3.03044523e-01
7.37261029e-01,2.65573712e-01,2.61295686e-01,2.57310676e-01,2.65953368e-01,9.27452620e-01,9.05781231e-01,9.28648443e-01,9.25948161e-01,3.03130178e-01,2.96314581e-01,2.98364611e-01,3.02737442e-01
7.41599307e-01,2.65573712e-01,2.58795249e-01,2.64377328e-01,2.66459286e-01,9.27452620e-01,8.92254089e-01,9.21494589e-01,9.23551262e-01,3.03130178e-01,2.92157581e-01,3.00073679e-01,3.02950511e-01
7.45155953e-01,2.65573712e-01,2.55741080e-01,2.68062744e-01,2.66336671e-01,9.27452620e-01,8.76269816e-01,9.02664548e-01,9.19059015e-01,3.03130178e-01,2.87125782e-01,2.97819874e-01,3.02543360e-01
7.47453305e-01,2.65573712e-01,2.53190014e-01,2.61041272e-01,2.65396014e-01,9.27452620e-01,8.63843778e-01,8.62394543e-01,9.20248252e-01,3.03130178e-01,2.82801715e-01,2.83059334e-01,3.00903345e-01
7.52121883e-01,2.65573712e-01,2.44608762e-01,2.47800295e-01,2.61664409e-01,9.27452620e-01,8.20607040e-01,7.97448507e-01,9.06822011e-01,3.03130178e-01,2.69097713e-01,2.63330469e-01,2.95253973e-01
7.56191981e-01,2.65573712e-01,2.33527887e-01,2.26336508e-01,2.51534866e-01,9.27452620e-01,7.61497619e-01,7.07173768e-01,8.57295024e-01,3.03130178e-01,2.51874088e-01,2.36976993e-01,2.80117373e-01
7.61184452e-01,2.65573712e-01,2.13283146e-01,2.06776596e-01,2.11245120e-01,9.27452620e-01,6.50190576e-01,6.09380878e-01,6.48030345e-01,3.03130178e-01,2.21741469e-01,2.12350285e-01,2.21512727e-01
7.63833318e-01,1.25000000e-01,2.01413726e-01,1.93584331e-01,1.68986209e-01,0.00000000e+00,5.68798805e-01,5.22325577e-01,3.44742002e-01,1.00000000e-01,2.02681504e-01,1.93784011e-01,1.56173819e-01
7.66605324e-01,1.25000000e-01,1.86209981e-01,1.74086732e-01,1.37619439e-01,0.00000000e+00,4.67091777e-01,4.08648168e-01,1.05151831e-01,1.00000000e-01,1.79591253e-01,1.68229924e-01,1.14811546e-01
7.71091852e-01,1.25000000e-01,1.61377554e-01,1.53561521e-01,1.26774076e-01,0.00000000e+00,2.96867148e-01,2.66573809e-01,1.50834419e-02,1.00000000e-01,1.45760116e-01,1.41381519e-01,1.02008977e-01
7.75541220e-01,1.25000000e-01,1.43282159e-01,1.40704859e-01,1.25231864e-01,0.00000000e+00,1.53874619e-01,1.50221259e-01,1.96420848e-03,1.00000000e-01,1.21983001e-01,1.22216216e-01,1.00260060e-01
7.79727359e-01,1.25000000e-01,1.33140188e-01,1.32776239e-01,1.25031784e-01,0.00000000e+00,6.89147741e-02,7.18374833e-02,2.69112975e-04,1.00000000e-01,1.09426974e-01,1.10137236e-01,1.00035605e-01
7.84222015e-01,1.25000000e-01,1.28125056e-01,1.27917246e-01,1.25004108e-01,0.00000000e+00,2.64971369e-02,2.44455968e-02,3.47810766e-05,1.00000000e-01,1.03548307e-01,1.03271785e-01,1.00004601e-01
7.88830906e-01,1.25000000e-01,1.26120721e-01,1.25974823e-01,1.25000511e-01,0.00000000e+00,9.49567326e-03,4.79955135e-03,4.32702391e-06,1.00000000e-01,1.01261522e-01,1.00472902e-01,1.00000572e-01
7.90497054e-01,1.25000000e-01,1.25673641e-01,1.25039669e-01,1.25000181e-01,0.00000000e+00,5.69594508e-03,-4.43665168e-03,1.53529565e-06,1.00000000e-01,1.00755818e-01,9.91983783e-02,1.00000203e-01
7.97545270e-01,1.25000000e-01,1.25174972e-01,1.24363754e-01,1.25000016e-01,0.00000000e+00,1.48215260e-03,-9.44619923e-03,1.33055201e-07,1.00000000e-01,1.00196174e-01,9.85601030e-02,1.00000018e-01
8.01544288e-01,1.25000000e-01,1.25066761e-01,1.24239437e-01,1.25000002e-01,0.00000000e+00,5.65234859e-04,-9.39312298e-03,1.94474923e-08,1.00000000e-01,1.00074793e-01,9.85971848e-02,1.00000003e-01
8.02909921e-01,1.25000000e-01,1.25042958e-01,1.24351297e-01,1.25000001e-01,0.00000000e+00,3.63664319e-04,-7.79626723e-03,8.52084197e-09,1.00000000e-01,1.00048118e-01,9.88328311e-02,1.00000001e-01
8.08638988e-01,1.25000000e-01,1.25012917e-01,1.24516778e-01,1.25000000e-01,0.00000000e+00,1.09366794e-04,-5.78777674e-03,9.19274720e-10,1.00000000e-01,1.00014469e-01,9.91346215e-02,1.00000000e-01
8.12244512e-01,1.25000000e-01,1.25005241e-01,1.24592341e-01,1.25000000e-01,0.00000000e+00,4.43735148e-05,-4.45680709e-03,1.52985417e-10,1.00000000e-01,1.00005870e-01,9.93329238e-02,1.00000000e-01
8.14418153e-01,1.25000000e-01,1.25002782e-01,1.24714421e-01,1.25000000e-01,0.00000000e+00,2.35534849e-05,-3.17751068e-03,4.24509572e-11,1.00000000e-01,1.00003116e-01,9.95194221e-02,1.00000000e-01
8.18802452e-01,1.25000000e-01,1.25000998e-01,1.24838669e-01,1.25000000e-01,0.00000000e+00,8.45093876e-06,-1.92647696e-03,5.96274196e-12,1.00000000e-01,1.00001118e-01,9.96989716e-02,1.00000000e-01
8.24460288e-01,1.25000000e-01,1.25000301e-01,1.24911158e-01,1.25000000e-01,0.00000000e+00,2.54990767e-06,-1.10039165e-03,6.42201346e-13,1.00000000e-01,1.00000337e-01,9.98201019e-02,1.00000000e-01
8.27497796e-01,1.25000000e-01,1.25000134e-01,1.24948825e-01,1.25000000e-01,0.00000000e+00,1.13505990e-06,-6.58753053e-04,1.27522136e-13,1.00000000e-01,1.00000150e-01,9.98903840e-02,1.00000000e-01
8.31970399e-01,1.25000000e-01,1.25000047e-01,1.24968776e-01,1.25000000e-01,0.00000000e+00,3.99170012e-07,-4.15601439e-04,1.68679402e-14,1.00000000e-01,1.00000053e-01,9.99315985e-02,1.00000000e-01
8.34689115e-01,1.25000000e-01,1.25000022e-01,1.24978687e-01,1.25000000e-01,0.00000000e+00,1.87837308e-07,-2.69442732e-04,3.44213316e-15,1.00000000e-01,1.00000025e-01,9.99562822e-02,1.00000000e-01
8.39589976e-01,1.25000000e-01,1.25000007e-01,1.24988990e-01,1.25000000e-01,0.00000000e+00,6.17994928e-08,-1.40782582e-04,2.83995911e-16,1.00000000e-01,1.00000008e-01,9.99762560e-02,1.00000000e-01
8.43873125e-01,1.25000000e-01,1.25000003e-01,1.24993288e-01,1.25000000e-01,0.00000000e+00,2.21281970e-08,-7.80405282e-05,7.75604004e-18,1.00000000e-01,1.00000003e-01,9.99872142e-02,1.00000000e-01
8.47418403e-01,1.25000000e-01,1.25000001e-01,1.24996160e-01,1.25000000e-01,0.00000000e+00,8.87746870e-09,-4.40276489e-05,0.00000000e+00,1.00000000e-01,1.00000001e-01,9.99934586e-02,1.00000000e-01
8.51212527e-01,1.25000000e-01,1.25000000e-01,1.24997955e-01,1.25000000e-01,0.00000000e+00,3.40429332e-09,-2.17215621e-05,0.00000000e+00,1.00000000e-01,1.00000000e-01,9.99969815e-02,1.00000000e-01
8.54599064e-01,1.25000000e-01,1.25000000e-01,1.24998967e-01,1.25000000e-01,0.00000000e+00,1.39262978e-09,-8.59880888e-06,0.00000000e+00,1.00000000e-01,1.00000000e-01,9.99989525e-02,1.00000000e-01
8.59017003e-01,1.25000000e-01,1.25000000e-01,1.24999590e-01,1.25000000e-01,0.00000000e+00,4.80344441e-10,-7.90529731e-07,0.00000000e+00,1.00000000e-01,1.00000000e-01,1.00000030e-01,1.00000000e-01
8.64604148e-01,1.25000000e-01,1.25000000e-01,1.24999915e-01,1.25000000e-01,0.00000000e+00,1.40302210e-10,2.25930133e-06,0.00000000e+00,1.00000000e-01,1.00000000e-01,1.00000405e-01,1.00000000e-01
8.66411407e-01,1.25000000e-01,1.25000000e-01,1.25000052e-01,1.25000000e-01,0.00000000e+00,7.84442104e-11,2.91955680e-06,0.00000000e+00,1.00000000e-01,1.00000000e-01,1.00000466e-01,1.00000000e-01
8.70667224e-01,1.25000000e-01,1.25000000e-01,1.25000105e-01,1.25000000e-01,0.00000000e+00,2.72951154e-11,2.71938379e-06,0.00000000e+00,1.00000000e-01,1.00000000e-01,1.00000413e-01,1.00000000e-01
8.77331971e-01,1.25000000e-01,1.25000000e-01,1.25000135e-01,1.25000000e-01,0.00000000e+00,6.88034489e-12,2.14829508e-06,0.00000000e+00,1.00000000e-01,1.00000000e-01,1.00000309e-01,1.00000000e-01
8.81364787e-01,1.25000000e-01,1.25000000e-01,1.25000147e-01,1.25000000e-01,0.00000000e+00,2.44575311e-12,1.74851217e-06,0.00000000e+00,1.00000000e-01,1.00000000e-01,1.00000246e-01,1.00000000e-01
8.82593225e-01,1.25000000e-01,1.25000000e-01,1.25000112e-01,1.25000000e-01,0.00000000e+00,1.57222711e-12,1.25618642e-06,0.00000000e+00,1.00000000e-01,1.00000000e-01,1.00000177e-01,1.00000000e-01
8.87824254e-01,1.25000000e-01,1.25000000e-01,1.25000062e-01,1.25000000e-01,0.00000000e+00,4.63381655e-13,7.01601071e-07,0.00000000e+00,1.00000000e-01,1.00000000e-01,1.00000101e-01,1.00000000e-01
8.93403207e-01,1.25000000e-01,1.25000000e-01,1.25000033e-01,1.25000000e-01,0.00000000e+00,1.29291564e-13,3.82008376e-07,0.00000000e+00,1.00000000e-01,1.00000000e-01,1.00000056e-01,1.00000000e-01
8.96215835e-01,1.25000000e-01,1.25000000e-01,1.25000019e-01,1.25000000e-01,0.00000000e+00,5.58966044e-14,2.29738429e-07,0.00000000e+00,1.00000000e-01,1.00000000e-01,1.00000033e-01,1.00000000e-01
9.00883614e-01,1.25000000e-01,1.25000000e-01,1.25000013e-01,1.25000000e-01,0.00000000e+00,1.73784476e-14,1.47313319e-07,0.00000000e+00,1.00000000e-01,1.00000000e-01,1.00000021e-01,1.00000000e-01
9.02849415e-01,1.25000000e-01,1.25000000e-01,1.25000010e-01,1.25000000e-01,0.00000000e+00,8.99385080e-15,9.50544602e-08,0.00000000e+00,1.00000000e-01,1.00000000e-01,1.00000013e-01,1.00000000e-01
9.06550243e-01,1.25000000e-01,1.25000000e-01,1.25000010e-01,1.25000000e-01,0.00000000e+00,3.36451454e-15,5.85541105e-08,0.00000000e+00,1.00000000e-01,1.00000000e-01,1.00000008e-01,1.00000000e-01
9.12361667e-01,1.25000000e-01,1.25000000e-01,1.25000002e-01,1.25000000e-01,0.00000000e+00,7.84462429e-16,2.50532469e-08,0.00000000e+00,1.00000000e-01,1.00000000e-01,1.00000003e-01,1.00000000e-01
9.17597771e-01,1.25000000e-01,1.25000000e-01,1.24999995e-01,1.25000000e-01,0.00000000e+00,8.33026913e-17,5.79702283e-09,0.00000000e+00,1.00000000e-01,1.00000000e-01,1.00000001e-01,1.00000000e-01
9.19641639e-01,1.25000000e-01,1.25000000e-01,1.24999996e-01,1.25000000e-01,0.00000000e+00,0.00000000e+00,-1.47936198e-09,0.00000000e+00,1.00000000e-01,1.00000000e-01,9.99999995e-02,1.00000000e-01
9.24197573e-01,1.25000000e-01,1.25000000e-01,1.25000000e-01,1.25000000e-01,0.00000000e+00,0.00000000e+00,-2.12271288e-09,0.00000000e+00,1.00000000e-01,1.00000000e-01,9.99999992e-02,1.00000000e-01
9.26876694e-01,1.25000000e-01,1.25000000e-01,1.25000002e-01,1.25000000e-01,0.00000000e+00,0.00000000e+00,-2.14706820e-09,0.00000000e+00,1.00000000e-01,1.00000000e-01,9.99999992e-02,1.00000000e-01
9.31195078e-01,1.25000000e-01,1.25000000e-01,1.24999999e-01,1.25000000e-01,0.00000000e+00,0.00000000e+00,-1.68688834e-09,0.00000000e+00,1.00000000e-01,1.00000000e-01,9.99999994e-02,1.00000000e-01
9.37244915e-01,1.25000000e-01,1.25000000e-01,1.25000000e-01,1.25000000e-01,0.00000000e+00,0.00000000e+00,-1.52565917e-09,0.00000000e+00,1.00000000e-01,1.00000000e-01,9.99999997e-02,1.00000000e-01
9.40105816e-01,1.25000000e-01,1.25000000e-01,1.24999999e-01,1.25000000e-01,0.00000000e+00,0.00000000e+00,-1.95164411e-09,0.00000000e+00,1.00000000e-01,1.00000000e-01,9.99999998e-02,1.00000000e-01
9.42975477e-01,1.25000000e-01,1.25000000e-01,1.25000001e-01,1.25000000e-01,0.00000000e+00,0.00000000e+00,-2.44816438e-09,0.00000000e+00,1.00000000e-01,1.00000000e-01,9.99999998e-02,1.00000000e-01
9.47002980e-01,1.25000000e-01,1.25000000e-01,1.25000001e-01,1.25000000e-01,0.00000000e+00,0.00000000e+00,-3.10140781e-09,0.00000000e+00,1.00000000e-01,1.00000000e-01,9.99999998e-02,1.00000000e-01
9.51473751e-01,1.25000000e-01,1.25000000e-01,1.25000001e-01,1.25000000e-01,0.00000000e+00,0.00000000e+00,-3.92903792e-09,0.00000000e+00,1.00000000e-01,1.00000000e-01,9.99999998e-02,1.00000000e-01
9.56396351e-01,1.25000000e-01,1.25000000e-01,1.25000001e-01,1.25000000e-01,0.00000000e+00,0.00000000e+00,-4.52691894e-09,0.00000000e+00,1.00000000e-01,1.00000000e-01,9.99999999e-02,1.00000000e-01
9.61248084e-01,1.25000000e-01,1.25000000e-01,1.25000000e-01,1.25000000e-01,0.00000000e+00,0.00000000e+00,-4.71718697e-09,0.00000000e+00,1.00000000e-01,1.00000000e-01,1.00000000e-01,1.00000000e-01
9.64243829e-01,1.25000000e-01,1.25000000e-01,1.24999998e-01,1.25000000e-01,0.00000000e+00,0.00000000e+00,-4.50310155e-09,0.00000000e+00,1.00000000e-01,1.00000000e-01,1.00000000e-01,1.00000000e-01
9.68553261e-01,1.25000000e-01,1.25000000e-01,1.25000000e-01,1.25000000e-01,0.00000000e+00,0.00000000e+00,-3.86536905e-09,0.00000000e+00,1.00000000e-01,1.00000000e-01,1.00000000e-01,1.00000000e-01
9.71302792e-01,1.25000000e-01,1.25000000e-01,1.24999999e-01,1.25000000e-01,0.00000000e+00,0.00000000e+00,-2.79595037e-09,0.00000000e+00,1.00000000e-01,1.00000000e-01,1.00000001e-01,1.00000000e-01
9.76428860e-01,1.25000000e-01,1.25000000e-01,1.24999999e-01,1.25000000e-01,0.00000000e+00,0.00000000e+00,-1.75505838e-09,0.00000000e+00,1.00000000e-01,1.00000000e-01,1.00000001e-01,1.00000000e-01
9.80577236e-01,1.25000000e-01,1.25000000e-01,1.25000000e-01,1.25000000e-01,0.00000000e+00,0.00000000e+00,-1.85542500e-09,0.00000000e+00,1.00000000e-01,1.00000000e-01,1.00000001e-01,1.00000000e-01
9.84823180e-01,1.25000000e-01,1.25000000e-01,1.24999999e-01,1.25000000e-01,0.00000000e+00,0.00000000e+00,-3.14153814e-09,0.00000000e+00,1.00000000e-01,1.00000000e-01,1.00000001e-01,1.00000000e-01
9.89558107e-01,1.25000000e-01,1.25000000e-01,1.25000001e-01,1.25000000e-01,0.00000000e+00,0.00000000e+00,-5.38129309e-09,0.00000000e+00,1.00000000e-01,1.00000000e-01,1.00000001e-01,1.00000000e-01
9.93444932e-01,1.25000000e-01,1.25000000e-01,1.25000004e-01,1.25000000e-01,0.00000000e+00,0.00000000e+00,-8.96647508e-09,0.00000000e+00,1.00000000e-01,1.00000000e-01,1.00000000e-01,1.00000000e-01
9.95858339e-01,1.25000000e-01,1.25000000e-01,1.25000003e-01,1.25000000e-01,0.00000000e+00,0.00000000e+00,-1.51492291e-08,0.00000000e+00,1.00000000e-01,1.00000000e-01,9.99999992e-02,1.00000000e-01
1.00084379e+00,1.25000000e-01,1.25000000e-01,1.24999997e-01,1.25000000e-01,0.00000000e+00,0.00000000e+00,-2.29215916e-08,0.00000000e+00,1.00000000e-01,1.00000000e-01,9.99999982e-02,1.00000000e-01
1.00400000e+00,1.25000000e-01,1.25000000e-01,1.24999997e-01,1.25000000e-01,0.00000000e+00,0.00000000e+00,-2.29215916e-08,0.00000000e+00,1.00000000e-01,1.00000000e-01,9.99999982e-02,1.00000000e-01
