x,rho,u,p
0.0,1.0053263,-0.003985606,0.9987188
0.0012515645,1.0053349,-0.0039934143,0.99871737
0.002503129,1.0053432,-0.0040005073,0.9987157
0.0037546933,1.0053518,-0.004007362,0.99871427
0.005006258,1.0053599,-0.0040141568,0.99871296
0.0062578223,1.0053678,-0.0040207133,0.9987116
0.0075093866,1.0053759,-0.00402721,0.99871033
0.008760951,1.0053837,-0.004033409,0.99870926
0.010012516,1.0053914,-0.004039727,0.9987082
0.01126408,1.0053989,-0.004045509,0.998707
0.012515645,1.0054063,-0.004051231,0.998706
0.013767209,1.0054138,-0.0040568933,0.9987051
0.015018773,1.0054209,-0.0040623173,0.99870425
0.016270338,1.0054278,-0.004067801,0.9987033
0.017521903,1.005435,-0.0040731058,0.9987026
0.018773466,1.0054419,-0.0040784106,0.99870205
0.020025032,1.0054488,-0.0040835366,0.9987013
0.021276595,1.0054555,-0.004088305,0.99870074
0.02252816,1.0054622,-0.0040933117,0.9987001
0.023779724,1.0054687,-0.004097961,0.99869967
0.02503129,1.0054753,-0.0041029677,0.9986991
0.026282854,1.0054815,-0.0041077957,0.99869865
0.027534418,1.0054879,-0.0041125044,0.9986983
0.028785983,1.0054941,-0.0041168556,0.9986979
0.030037547,1.0055003,-0.0041218624,0.99869746
0.03128911,1.0055063,-0.004126452,0.9986971
0.032540675,1.0055125,-0.004131101,0.99869686
0.03379224,1.0055186,-0.0041359887,0.9986966
0.035043806,1.0055244,-0.004140757,0.9986965
0.03629537,1.0055302,-0.004145406,0.9986961
0.037546933,1.0055361,-0.0041501746,0.998696
0.0387985,1.0055419,-0.004154764,0.9986959
0.040050063,1.0055476,-0.0041598305,0.9986957
0.041301627,1.0055532,-0.0041648373,0.99869555
0.04255319,1.0055592,-0.0041696653,0.99869543
0.043804757,1.0055647,-0.0041747913,0.9986953
0.04505632,1.0055702,-0.0041800365,0.9986951
0.046307884,1.005576,-0.004185103,0.99869514
0.047559448,1.0055815,-0.004190527,0.998695
0.048811015,1.0055871,-0.004195951,0.9986949
0.05006258,1.0055927,-0.0042013153,0.998695
0.05131414,1.0055984,-0.004206799,0.99869496
0.05256571,1.0056039,-0.00421264,0.9986949
0.053817272,1.0056095,-0.0042186603,0.9986947
0.055068836,1.0056151,-0.0042246208,0.99869484
0.0563204,1.0056208,-0.0042308792,0.9986949
0.057571966,1.0056266,-0.0042370185,0.9986947
0.05882353,1.0056322,-0.0042435154,0.9986947
0.060075093,1.005638,-0.004250191,0.9986949
0.061326656,1.005644,-0.0042570457,0.9986949
0.06257822,1.0056498,-0.004263781,0.99869484
0.06382979,1.0056558,-0.004271172,0.99869496
0.06508135,1.005662,-0.004278682,0.9986951
0.066332914,1.005668,-0.004286252,0.99869525
0.06758448,1.0056741,-0.00429406,0.9986953
0.06883605,1.0056807,-0.0043022856,0.99869555
0.07008761,1.0056869,-0.0043105707,0.99869573
0.071339175,1.0056936,-0.0043191537,0.9986959
0.07259074,1.0057001,-0.0043279156,0.99869627
0.0738423,1.0057071,-0.0043368563,0.9986966
0.075093865,1.0057139,-0.0043464527,0.998697
0.07634543,1.0057211,-0.004356049,0.99869746
0.077597,1.0057286,-0.0043659434,0.99869794
0.07884856,1.005736,-0.0043760166,0.9986987
0.08010013,1.0057437,-0.004386507,0.99869937
0.08135169,1.0057516,-0.004397355,0.99870014
0.08260325,1.0057597,-0.0044084415,0.9987013
0.08385482,1.0057681,-0.004419826,0.99870235
0.08510638,1.0057769,-0.0044313297,0.99870366
0.08635794,1.0057857,-0.0044432506,0.9987051
0.087609515,1.0057949,-0.0044553503,0.99870676
0.08886108,1.0058042,-0.004467927,0.99870855
0.09011264,1.0058138,-0.0044808015,0.9987105
0.091364205,1.005824,-0.004493855,0.99871296
0.09261577,1.0058342,-0.0045068488,0.99871546
0.09386733,1.0058448,-0.004520558,0.9987184
0.095118895,1.0058557,-0.004534088,0.9987214
0.096370466,1.0058668,-0.004548155,0.9987247
0.09762203,1.0058783,-0.0045620427,0.9987282
0.09887359,1.0058901,-0.0045764074,0.9987322
0.10012516,1.005902,-0.0045907125,0.9987363
0.10137672,1.0059143,-0.0046051964,0.9987406
0.10262828,1.0059268,-0.0046199188,0.9987454
0.10387985,1.0059398,-0.0046345815,0.99875045
0.10513142,1.0059527,-0.004649423,0.9987556
0.10638298,1.005966,-0.004664324,0.99876076
0.107634544,1.0059793,-0.004679106,0.99876624
0.10888611,1.0059929,-0.004693888,0.99877197
0.11013767,1.0060062,-0.0047087893,0.99877757
0.111389235,1.00602,-0.004723333,0.9987832
0.1126408,1.0060337,-0.0047382936,0.99878895
0.11389237,1.0060474,-0.004752837,0.99879456
0.11514393,1.0060611,-0.004767619,0.9988002
0.116395496,1.0060745,-0.004781984,0.9988056
0.11764706,1.0060879,-0.0047966465,0.9988107
0.11889862,1.0061011,-0.004810892,0.9988157
0.120150186,1.0061144,-0.0048249587,0.9988205
0.12140175,1.0061271,-0.004839085,0.99882466
0.12265331,1.00614,-0.0048531517,0.9988288
0.123904884,1.0061524,-0.0048672184,0.9988326
0.12515645,1.0061646,-0.0048809275,0.9988359
0.12640801,1.0061766,-0.0048945174,0.99883896
0.12765957,1.0061884,-0.004908286,0.99884146
0.12891114,1.0061996,-0.004921697,0.9988436
0.1301627,1.0062108,-0.004935108,0.9988453
0.13141426,1.0062217,-0.0049484,0.9988468
0.13266583,1.0062325,-0.004961394,0.9988481
0.13391739,1.0062429,-0.004974745,0.9988488
0.13516895,1.006253,-0.004987322,0.9988492
0.13642053,1.0062628,-0.005000375,0.99884933
0.1376721,1.0062727,-0.005013071,0.9988492
0.13892366,1.0062821,-0.0050256476,0.99884874
0.14017522,1.0062914,-0.0050382838,0.99884814
0.14142679,1.0063007,-0.005050741,0.9988473
0.14267835,1.0063099,-0.005062841,0.99884635
0.14392991,1.0063188,-0.0050752386,0.99884516
0.14518148,1.0063276,-0.005087577,0.9988439
0.14643304,1.0063365,-0.0050994977,0.99884254
0.1476846,1.0063452,-0.0051115975,0.998841
0.14893617,1.0063537,-0.00512328,0.99883956
0.15018773,1.0063621,-0.005135022,0.99883777
0.1514393,1.0063708,-0.005146645,0.9988363
0.15269086,1.0063792,-0.0051581487,0.99883455
0.15394242,1.0063877,-0.0051697716,0.9988329
0.155194,1.0063963,-0.0051812753,0.9988313
0.15644556,1.006405,-0.0051925406,0.99882966
0.15769713,1.0064136,-0.005203806,0.998828
0.15894869,1.0064222,-0.0052151904,0.9988263
0.16020025,1.0064309,-0.005226217,0.99882495
0.16145182,1.0064397,-0.005237244,0.9988236
0.16270338,1.0064485,-0.0052483305,0.9988221
0.16395494,1.0064576,-0.0052593574,0.99882084
0.1652065,1.0064666,-0.0052702054,0.9988195
0.16645807,1.0064758,-0.005281113,0.99881834
0.16770963,1.0064852,-0.0052923188,0.9988174
0.1689612,1.0064948,-0.005303167,0.9988163
0.17021276,1.0065045,-0.005314134,0.9988156
0.17146432,1.0065141,-0.0053251013,0.99881464
0.17271589,1.0065243,-0.0053365454,0.99881417
0.17396747,1.0065343,-0.005347453,0.9988136
0.17521903,1.0065447,-0.0053587183,0.9988131
0.1764706,1.0065554,-0.0053698644,0.99881285
0.17772216,1.0065663,-0.00538107,0.9988128
0.17897372,1.0065773,-0.005392574,0.99881256
0.18022528,1.0065885,-0.005404137,0.99881274
0.18147685,1.0065999,-0.005415462,0.998813
0.18272841,1.0066118,-0.0054272637,0.99881333
0.18397997,1.006624,-0.0054391846,0.9988139
0.18523154,1.0066364,-0.005451344,0.99881476
0.1864831,1.006649,-0.005463384,0.9988157
0.18773466,1.006662,-0.0054757223,0.9988169
0.18898623,1.0066754,-0.0054880604,0.9988181
0.19023779,1.0066892,-0.005500518,0.99881977
0.19148937,1.0067031,-0.0055130944,0.99882144
0.19274093,1.0067176,-0.0055260286,0.9988236
0.1939925,1.0067325,-0.005539082,0.9988261
0.19524406,1.0067478,-0.005552374,0.9988286
0.19649562,1.0067635,-0.0055656657,0.99883157
0.19774719,1.0067797,-0.0055790767,0.9988349
0.19899875,1.0067965,-0.005592786,0.99883866
0.20025031,1.0068136,-0.005606614,0.9988426
0.20150188,1.0068314,-0.0056204423,0.9988471
0.20275344,1.0068496,-0.0056346282,0.9988521
0.204005,1.0068687,-0.0056490526,0.9988577
0.20525657,1.0068883,-0.005663596,0.99886364
0.20650813,1.0069087,-0.0056784377,0.99887025
0.2077597,1.0069296,-0.0056931004,0.9988774
0.20901126,1.0069515,-0.005708359,0.99888515
0.21026284,1.0069741,-0.0057234988,0.9988937
0.2115144,1.0069976,-0.005739175,0.9989028
0.21276596,1.007022,-0.005754851,0.998913
0.21401753,1.0070474,-0.0057711825,0.9989236
0.21526909,1.0070738,-0.005787514,0.99893516
0.21652065,1.0071012,-0.0058043823,0.9989477
0.21777222,1.0071297,-0.005821489,0.9989612
0.21902378,1.0071594,-0.0058388934,0.99897546
0.22027534,1.0071903,-0.0058569536,0.99899095
0.2215269,1.0072227,-0.00587561,0.9990075
0.22277847,1.0072562,-0.0058946237,0.99902517
0.22403003,1.007291,-0.005914293,0.99904394
0.2252816,1.0073272,-0.005934499,0.99906373
0.22653316,1.007365,-0.0059557185,0.999085
0.22778474,1.0074041,-0.0059775934,0.9991072
0.2290363,1.0074449,-0.006000124,0.9991309
0.23028786,1.0074869,-0.006023906,0.99915594
0.23153943,1.0075306,-0.0060484037,0.99918205
0.23279099,1.0075755,-0.0060742125,0.99920946
0.23404256,1.007622,-0.006100856,0.99923843
0.23529412,1.0076699,-0.0061290488,0.99926853
0.23654568,1.007719,-0.006158255,0.99929994
0.23779725,1.0077695,-0.006188892,0.99933285
0.23904881,1.0078211,-0.0062210783,0.9993667
0.24030037,1.0078737,-0.006254576,0.99940175
0.24155194,1.0079274,-0.006289862,0.9994382
0.2428035,1.0079818,-0.00632634,0.99947596
0.24405506,1.008037,-0.0063647255,0.9995148
0.24530663,1.0080929,-0.006404482,0.9995548
0.2465582,1.0081494,-0.0064459667,0.99959594
0.24780977,1.0082062,-0.0064891204,0.9996384
0.24906133,1.0082632,-0.0065340623,0.9996819
0.2503129,1.0083207,-0.006580375,0.99972665
0.25156444,1.0083781,-0.0066284165,0.9997726
0.25281602,1.0084358,-0.0066778287,0.99982
0.25406757,1.0084935,-0.0067292675,0.9998689
0.25531915,1.0085516,-0.0067818984,0.99991924
0.25657073,1.0086097,-0.00683596,0.99997133
0.25782228,1.008668,-0.006891869,1.0000254
0.25907385,1.008727,-0.0069489703,1.0000819
0.2603254,1.0087866,-0.0070078596,1.0001409
0.26157698,1.0088468,-0.0070683584,1.0002027
0.26282853,1.0089082,-0.0071305856,1.0002675
0.2640801,1.0089712,-0.0071952567,1.0003362
0.26533166,1.0090361,-0.007261835,1.0004091
0.26658323,1.0091031,-0.007331513,1.0004866
0.26783478,1.0091729,-0.0074043497,1.0005693
0.26908636,1.0092459,-0.0074811205,1.000658
0.2703379,1.0093226,-0.0075626597,1.0007532
0.2715895,1.009404,-0.007649623,1.0008557
0.27284107,1.00949,-0.0077436194,1.0009667
0.2740926,1.0095824,-0.007845305,1.0010868
0.2753442,1.0096812,-0.007955931,1.0012175
0.27659574,1.009788,-0.008077942,1.0013598
0.27784732,1.0099036,-0.008211814,1.0015155
0.27909887,1.0100292,-0.008360647,1.0016859
0.28035045,1.0101665,-0.00852593,1.0018734
0.281602,1.0103173,-0.008710168,1.0020804
0.28285357,1.0104837,-0.008916222,1.00231
0.28410512,1.010668,-0.009147309,1.0025654
0.2853567,1.0108737,-0.009406827,1.0028512
0.28660825,1.0111039,-0.009699427,1.0031729
0.28785983,1.0113636,-0.010029875,1.0035369
0.28911138,1.0116591,-0.010404907,1.0039523
0.29036295,1.0119975,-0.010832451,1.0044292
0.29161453,1.0123885,-0.01132264,1.0049818
0.29286608,1.0128436,-0.011887632,1.0056266
0.29411766,1.0133784,-0.012543939,1.0063853
0.2953692,1.0140105,-0.013310753,1.0072832
0.2966208,1.0147624,-0.014212213,1.0083508
0.29787233,1.0156577,-0.015273355,1.009621
0.2991239,1.01672,-0.01652094,1.0111256
0.30037546,1.0179682,-0.017975114,1.0128896
0.30162704,1.0194094,-0.01964333,1.0149212
0.3028786,1.0210284,-0.021508,1.0171976
0.30413017,1.0227792,-0.023516618,1.0196545
0.30538172,1.0245786,-0.02557417,1.0221748
0.3066333,1.0263072,-0.02754452,1.0245924
0.30788484,1.0278196,-0.029262327,1.0267043
0.30913642,1.0289633,-0.030553602,1.0282967
0.310388,1.0295972,-0.03125765,1.02917
0.31163955,1.0296098,-0.031248413,1.0291662
0.31289113,1.0289283,-0.030442081,1.02818
0.31414267,1.0275209,-0.028801404,1.026165
0.31539425,1.0253929,-0.02633103,1.0231296
0.3166458,1.0225819,-0.023070775,1.0191288
0.31789738,1.0191485,-0.019086264,1.0142535
0.31914893,1.0151694,-0.014460169,1.0086182
0.3204005,1.0107284,-0.009283863,1.0023481
0.32165205,1.0059096,-0.0036495551,0.9955686
0.32290363,1.0007919,0.0023562685,0.98839664
0.32415518,0.99544585,0.00865642,0.9809353
0.32540676,0.9899315,0.0151840225,0.9732708
0.3266583,0.9843008,0.021880902,0.9654756
0.3279099,0.9785988,0.028695501,0.95760936
0.32916147,0.972869,0.03557811,0.94972837
0.330413,0.96715575,0.042475916,0.9418869
0.3316646,0.9615063,0.049332596,0.9341425
0.33291614,0.9559702,0.056087233,0.92655516
0.33416772,0.9505953,0.062679805,0.91918397
0.33541927,0.9454213,0.069058456,0.91207784
0.33667085,0.9404695,0.07519243,0.9052653
0.3379224,0.93573695,0.08107928,0.89874434
0.33917397,0.9311913,0.08675275,0.892477
0.34042552,0.92677164,0.09228239,0.8863888
0.3416771,0.9223949,0.09776751,0.88037604
0.34292865,0.91796654,0.10332403,0.87431896
0.34418023,0.9133913,0.109074034,0.8680936
0.34543177,0.9085827,0.11513112,0.86158663
0.34668335,0.90347075,0.1215925,0.85470307
0.34793493,0.8980068,0.12852994,0.8473766
0.34918648,0.89216906,0.135982,0.8395771
0.35043806,0.88596994,0.14394304,0.8313202
0.3516896,0.87946314,0.15235195,0.82267886
0.3529412,0.8727478,0.16108575,0.8137871
0.35419273,0.8659654,0.16996005,0.80483705
0.3554443,0.85928255,0.17875406,0.7960521
0.35669586,0.8528593,0.18724835,0.7876483
0.35794744,0.8468113,0.19527921,0.77978146
0.359199,0.8411853,0.20277512,0.7725146
0.36045057,0.835951,0.20977035,0.765807
0.3617021,0.83102137,0.2163817,0.75953907
0.3629537,0.8262883,0.22276214,0.7535587
0.36420527,0.8216528,0.22905669,0.74772185
0.36545682,0.8170409,0.23537624,0.74191666
0.3667084,0.81239957,0.24179652,0.7360631
0.36795995,0.80768424,0.24837166,0.73010176
0.36921152,0.8028479,0.25514886,0.7239801
0.37046307,0.7978452,0.2621709,0.71765476
0.37171465,0.79265267,0.26945618,0.71111125
0.3729662,0.7873003,0.27696982,0.704392
0.37421778,0.7818762,0.2846099,0.6976049
0.37546933,0.7764991,0.2922326,0.69089407
0.3767209,0.77126145,0.29971483,0.6843771
0.37797245,0.7661946,0.30700096,0.6781024
0.37922403,0.7612845,0.31409636,0.6720573
0.38047558,0.7565098,0.3210294,0.6662081
0.38172716,0.75186515,0.32781872,0.66052926
0.38297874,0.7473567,0.3344731,0.65500754
0.3842303,0.74298626,0.34100127,0.64963
0.38548186,0.7387432,0.3474221,0.6443774
0.3867334,0.73460567,0.35376328,0.6392248
0.387985,0.7305456,0.36005738,0.6341434
0.38923654,0.7265353,0.36633486,0.62910724
0.39048812,0.72254914,0.3726247,0.6240919
0.39173967,0.71856636,0.37895027,0.6190782
0.39299124,0.71456903,0.38533354,0.6140482
0.3942428,0.7105435,0.39179158,0.6089883
0.39549437,0.70647764,0.3983408,0.60388553
0.39674592,0.70236266,0.40499428,0.5987303
0.3979975,0.698192,0.41176203,0.5935152
0.39924905,0.6939626,0.41864973,0.58823746
0.40050063,0.6896746,0.42565724,0.5828975
0.4017522,0.68533283,0.43277857,0.577502
0.40300375,0.6809464,0.44000074,0.5720625
0.40425533,0.6765281,0.44730368,0.5665959
0.40550688,0.6720954,0.45466062,0.5611239
0.40675846,0.6676682,0.46203974,0.55567163
0.40801,0.6632688,0.46940443,0.550267
0.40926158,0.6589203,0.4767165,0.54493856
0.41051313,0.6546459,0.48393664,0.539715
0.4117647,0.6504668,0.49102792,0.5346224
0.41301626,0.64640224,0.49795613,0.5296834
0.41426784,0.64246756,0.50469196,0.5249173
0.4155194,0.63867474,0.51121235,0.52033824
0.41677096,0.63503176,0.5174992,0.5159562
0.4180225,0.6315426,0.5235418,0.5117758
0.4192741,0.6282076,0.5293348,0.50779825
0.42052567,0.62502396,0.53487796,0.5040206
0.42177722,0.6219863,0.54017526,0.5004379
0.4230288,0.619087,0.5452347,0.49704245
0.42428035,0.61631715,0.5500659,0.49382585
0.42553192,0.61366725,0.5546803,0.49077892
0.42678347,0.61112785,0.55908835,0.48789355
0.42803505,0.60869014,0.5633005,0.48516214
0.4292866,0.6063475,0.5673231,0.48258
0.43053818,0.6040961,0.57115793,0.4801456
0.43178973,0.6019372,0.5747987,0.47786295
0.4330413,0.5998788,0.57822824,0.47574323
0.43429285,0.597939,0.5814117,0.4738075
0.43554443,0.59614867,0.58429396,0.4720901
0.436796,0.5945561,0.5867917,0.4706425
0.43804756,0.5932276,0.5887889,0.46953416
0.43929914,0.5922495,0.5901397,0.4688527
0.44055068,0.59172136,0.5906756,0.4686972
0.44180226,0.5917465,0.5902267,0.4691655
0.4430538,0.5924135,0.58865595,0.47033387
0.4443054,0.59377646,0.58589506,0.47223514
0.44555694,0.5958363,0.5819802,0.4748394
0.44680852,0.59853107,0.5770669,0.4780467
0.44806007,0.60173374,0.57142556,0.48169085
0.44931164,0.6052623,0.56540984,0.48555607
0.4505632,0.60889786,0.55940765,0.48940328
0.45181477,0.61241347,0.5537797,0.49300367
0.45306632,0.6156081,0.5488034,0.49617478
0.4543179,0.61833984,0.544636,0.49880958
0.45556948,0.62054324,0.54131347,0.50088525
0.45682102,0.62222797,0.5387713,0.5024517
0.4580726,0.62345874,0.536885,0.50360185
0.45932415,0.62432903,0.5355085,0.5044412
0.46057573,0.6249365,0.534502,0.50506634
0.46182728,0.62536705,0.533749,0.50555235
0.46307886,0.6256885,0.5331618,0.50595236
0.4643304,0.62594837,0.53267896,0.5062997
0.46558198,0.62617713,0.5322617,0.5066132
0.46683353,0.62639207,0.5318868,0.50690204
0.4680851,0.62660056,0.5315426,0.5071698
0.46933666,0.6268044,0.53122413,0.50741625
0.47058824,0.6270006,0.5309311,0.5076399
0.4718398,0.627185,0.5306654,0.5078386
0.47309136,0.62735116,0.53042984,0.5080103
0.47434294,0.6274929,0.5302282,0.5081534
0.4755945,0.6276036,0.5300639,0.5082663
0.47684607,0.62767667,0.5299412,0.5083482
0.47809762,0.62770516,0.52986336,0.50839823
0.4793492,0.6276825,0.52983516,0.5084159
0.48060074,0.6276012,0.52986085,0.50840014
0.48185232,0.6274533,0.52994615,0.5083509
0.48310387,0.6272296,0.5300978,0.50826657
0.48435545,0.62691903,0.53032434,0.50814563
0.485607,0.6265086,0.5306371,0.5079859
0.48685858,0.62598175,0.53104997,0.5077837
0.48811013,0.62531805,0.53158224,0.507534
0.4893617,0.6244918,0.5322578,0.50723
0.49061325,0.62347037,0.5331082,0.50686204
0.49186483,0.6222128,0.53417426,0.5064177
0.4931164,0.6206674,0.5355085,0.5058798
0.49436796,0.6187698,0.5371774,0.5052263
0.49561954,0.61644036,0.53926563,0.5044287
0.49687108,0.61358213,0.5418782,0.50345063
0.49812266,0.6100779,0.545146,0.5022468
0.4993742,0.60579175,0.5492264,0.50076187
0.5006258,0.60056955,0.5543064,0.49893022
0.50187737,0.59424525,0.5606011,0.49667662
0.5031289,0.5866547,0.5683469,0.4939192
0.50438046,0.57765186,0.57779044,0.49057406
0.50563204,0.5671396,0.5891621,0.48656535
0.5068836,0.55510193,0.6026459,0.48183712
0.50813514,0.54163605,0.61833376,0.4763679
0.5093867,0.5269727,0.6361835,0.47018522
0.5106383,0.51147777,0.6559787,0.4633763
0.5118899,0.4956189,0.67731625,0.45608917
0.51314145,0.4799085,0.6996313,0.44852042
0.514393,0.46483254,0.7222591,0.4408942
0.51564455,0.45078695,0.7445227,0.4334312
0.5168961,0.43804207,0.7658174,0.42632493
0.5181477,0.42673323,0.78567725,0.41972053
0.5193992,0.41687867,0.80380213,0.41370934
0.5206508,0.40840748,0.820056,0.40832976
0.5219024,0.40119672,0.8344339,0.40357912
0.52315396,0.3950953,0.8470276,0.3994239
0.5244055,0.38994643,0.85798895,0.3958118
0.52565706,0.3855998,0.86750054,0.39268148
0.52690864,0.3819196,0.8757516,0.38996947
0.5281602,0.37878674,0.88292503,0.38761458
0.5294118,0.37610027,0.8891892,0.38556117
0.5306633,0.37377572,0.8946925,0.3837597
0.5319149,0.3717437,0.8995638,0.38216746
0.53316647,0.3699482,0.9039122,0.38074812
0.53441805,0.36834428,0.9078283,0.37947187
0.53566957,0.3668963,0.9113863,0.37831378
0.53692114,0.36557615,0.914648,0.37725338
0.5381727,0.364362,0.91766256,0.37627432
0.5394243,0.36323667,0.9204692,0.37536335
0.5406758,0.3621869,0.9231006,0.37450972
0.5419274,0.36120257,0.92558134,0.37370488
0.543179,0.36027583,0.9279325,0.37294176
0.54443055,0.35940027,0.9301697,0.37221515
0.54568213,0.3585713,0.9323062,0.37152034
0.54693365,0.35778493,0.93435204,0.3708539
0.5481852,0.35703784,0.93631613,0.3702128
0.5494368,0.3563274,0.938205,0.36959463
0.5506884,0.35565156,0.9400246,0.36899734
0.5519399,0.355008,0.94177985,0.36841932
0.5531915,0.35439482,0.94347477,0.36785907
0.55444306,0.35381025,0.94511306,0.36731556
0.55569464,0.3532526,0.94669807,0.3667873
0.55694616,0.35272035,0.9482323,0.36627355
0.55819774,0.35221192,0.94971836,0.36577347
0.5594493,0.35172603,0.9511591,0.3652864
0.5607009,0.35126093,0.9525565,0.3648113
0.5619524,0.35081556,0.9539126,0.36434782
0.563204,0.3503885,0.9552293,0.3638952
0.56445557,0.34997863,0.95650876,0.36345297
0.56570715,0.3495847,0.95775235,0.3630207
0.5669587,0.3492058,0.95896184,0.3625978
0.56821024,0.34884077,0.9601389,0.36218378
0.5694618,0.34848866,0.96128464,0.3617784
0.5707134,0.34814876,0.96240056,0.3613813
0.571965,0.34782016,0.9634882,0.3609921
0.5732165,0.347502,0.96454847,0.36061034
0.5744681,0.34719375,0.9655825,0.36023584
0.57571965,0.34689465,0.9665917,0.35986817
0.57697123,0.34660423,0.96757674,0.35950735
0.57822275,0.3463218,0.96853864,0.35915285
0.57947433,0.346047,0.96947825,0.3588045
0.5807259,0.34577918,0.9703964,0.35846213
0.5819775,0.34551817,0.9712939,0.35812545
0.58322906,0.3452634,0.97217166,0.35779437
0.5844806,0.3450146,0.97302973,0.35746855
0.58573216,0.3447714,0.97386944,0.35714787
0.58698374,0.34453344,0.9746913,0.35683203
0.5882353,0.3443005,0.97549534,0.35652116
0.58948684,0.34407225,0.9762825,0.3562148
0.5907384,0.34384856,0.97705317,0.3559128
0.59199,0.34362915,0.9778081,0.35561517
0.5932416,0.3434138,0.97854674,0.3553217
0.5944931,0.34320235,0.9792707,0.3550321
0.59574467,0.3429946,0.9799795,0.35474637
0.59699625,0.34279034,0.98067415,0.35446435
0.5982478,0.34258947,0.9813545,0.35418597
0.59949934,0.34239185,0.982021,0.35391095
0.6007509,0.34219724,0.98267376,0.35363916
0.6020025,0.3420056,0.9833132,0.35337067
0.6032541,0.34181678,0.98393965,0.3531051
0.60450566,0.34163058,0.98455334,0.35284257
0.6057572,0.34144706,0.9851543,0.3525828
0.60700876,0.34126595,0.9857428,0.35232574
0.60826033,0.34108716,0.9863192,0.3520713
0.6095119,0.34091067,0.9868835,0.3518194
0.61076343,0.3407365,0.98743594,0.3515698
0.612015,0.34056428,0.9879768,0.35132256
0.6132666,0.34039402,0.9885057,0.3510774
0.61451817,0.34022576,0.9890237,0.35083437
0.6157697,0.34005922,0.9895301,0.3505933
0.61702126,0.33989456,0.9900254,0.35035425
0.61827284,0.33973145,0.99050987,0.3501169
0.6195244,0.33957008,0.9909831,0.3498814
0.620776,0.3394101,0.9914459,0.3496473
0.6220275,0.33925164,0.9918976,0.34941497
0.6232791,0.33909464,0.992339,0.349184
0.6245307,0.3389389,0.99276996,0.3489544
0.62578225,0.33878446,0.99319017,0.3487262
0.62703377,0.33863118,0.99360013,0.3484992
0.62828535,0.338479,0.99399984,0.34827328
0.6295369,0.3383279,0.9943894,0.34804848
0.6307885,0.33817786,0.99476874,0.3478246
0.63204,0.33802876,0.99513805,0.34760165
0.6332916,0.33788055,0.99549735,0.34737965
0.6345432,0.33773315,0.99584675,0.34715822
0.63579476,0.33758643,0.99618626,0.3469376
0.63704634,0.33744043,0.99651575,0.34671742
0.63829786,0.33729511,0.9968355,0.34649795
0.63954943,0.33715034,0.99714553,0.34627894
0.640801,0.3370061,0.9974457,0.3460601
0.6420526,0.33686233,0.99773633,0.34584165
0.6433041,0.33671892,0.9980171,0.34562346
0.6445557,0.33657578,0.9982885,0.34540534
0.64580727,0.3364329,0.99854994,0.3451873
0.64705884,0.33629015,0.99880195,0.34496924
0.64831036,0.3361476,0.9990443,0.34475106
0.64956194,0.33600503,0.999277,0.34453267
0.6508135,0.33586243,0.99950016,0.34431386
0.6520651,0.3357197,0.9997134,0.34409472
0.6533166,0.33557686,0.9999175,0.3438752
0.6545682,0.33543384,1.0001116,0.34365502
0.6558198,0.33529037,1.0002962,0.34343413
0.65707135,0.3351464,1.0004711,0.34321252
0.65832293,0.33500212,1.0006362,0.34299004
0.65957445,0.33485723,1.0007913,0.34276667
0.660826,0.33471152,1.0009366,0.34254196
0.6620776,0.33456516,1.001072,0.34231606
0.6633292,0.3344181,1.0011973,0.34208894
0.6645807,0.33426994,1.0013125,0.34186026
0.6658323,0.33412087,1.0014175,0.34163016
0.66708386,0.33397064,1.0015117,0.34139815
0.66833544,0.3338193,1.0015957,0.3411644
0.66958696,0.33366647,1.0016688,0.34092873
0.67083853,0.3335124,1.001731,0.34069076
0.6720901,0.33335677,1.0017821,0.34045056
0.6733417,0.33319947,1.0018214,0.34020793
0.67459327,0.33304048,1.0018495,0.33996266
0.6758448,0.33287957,1.0018653,0.33971468
0.67709637,0.33271688,1.0018686,0.33946353
0.67834795,0.33255202,1.0018595,0.33920944
0.6795995,0.3323849,1.0018369,0.33895168
0.68085104,0.3322155,1.0018009,0.3386906
0.6821026,0.33204368,1.0017506,0.33842555
0.6833542,0.33186945,1.0016855,0.3381565
0.6846058,0.33169225,1.001605,0.33788303
0.6858573,0.33151227,1.0015084,0.33760497
0.6871089,0.33132938,1.0013946,0.33732197
0.68836045,0.33114308,1.001263,0.33703366
0.68961203,0.33095366,1.0011128,0.33673972
0.69086355,0.3307606,1.0009426,0.3364399
0.6921151,0.33056387,1.0007511,0.33613363
0.6933667,0.33036327,1.0005373,0.3358204
0.6946183,0.33015856,1.0002996,0.3354998
0.69586986,0.32994956,1.0000364,0.3351712
0.6971214,0.32973593,0.9997455,0.33483407
0.69837296,0.32951748,0.9994254,0.33448765
0.69962454,0.32929382,0.9990736,0.33413127
0.7008761,0.3290648,0.998688,0.333764
0.70212764,0.3288298,0.99826515,0.3333849
0.7033792,0.32858866,0.99780285,0.33299303
0.7046308,0.3283406,0.99729705,0.3325871
0.7058824,0.32808524,0.9967445,0.33216587
0.7071339,0.3278219,0.9961406,0.33172804
0.70838547,0.3275499,0.99548113,0.3312717
0.70963705,0.3272683,0.99476063,0.33079514
0.7108886,0.32697603,0.9939735,0.33029643
0.7121402,0.326672,0.9931134,0.32977328
0.7133917,0.32635465,0.9921731,0.329223
0.7146433,0.32602245,0.9911444,0.32864276
0.7158949,0.32567325,0.9900185,0.3280294
0.71714646,0.325305,0.98878515,0.32737944
0.718398,0.3249147,0.9874333,0.32668886
0.71964955,0.32449937,0.9859501,0.3259532
0.72090113,0.3240554,0.984321,0.32516754
0.7221527,0.32357857,0.98252976,0.3243266
0.7234042,0.32306397,0.9805584,0.32342434
0.7246558,0.32250655,0.9783858,0.32245424
0.7259074,0.32189998,0.97598875,0.321409
0.72715896,0.32123765,0.9733404,0.32028058
0.72841054,0.32051182,0.97041047,0.3190601
0.72966206,0.31971416,0.9671649,0.31773782
0.73091364,0.31883544,0.96356416,0.3163023
0.7321652,0.31786507,0.959564,0.31474125
0.7334168,0.31679162,0.95511377,0.31304055
0.7346683,0.31560174,0.95015585,0.31118384
0.7359199,0.31428063,0.9446235,0.3091522
0.7371715,0.31281105,0.93844163,0.30692413
0.73842305,0.31117308,0.93152285,0.30447403
0.73967457,0.30934328,0.923766,0.30177236
0.74092615,0.30729344,0.9150515,0.29878402
0.7421777,0.30499,0.9052402,0.29546827
0.7434293,0.30239293,0.89416814,0.29177758
0.7446808,0.29945436,0.8816414,0.2876571
0.7459324,0.29611742,0.86743224,0.28304482
0.747184,0.29231653,0.8512754,0.27787125
0.74843556,0.28797504,0.8328589,0.27205932
0.74968714,0.28300163,0.8118037,0.26551726
0.75093865,0.2772736,0.78759325,0.25811887
0.75219023,0.2705866,0.7593627,0.24963962
0.7534418,0.26254442,0.72542846,0.23963065
0.7546934,0.25246623,0.682824,0.22733389
0.7559449,0.24027377,0.63079965,0.21271914
0.7571965,0.22940457,0.5838033,0.19971777
0.75844806,0.22360988,0.5591061,0.19267723
0.75969964,0.22084564,0.54804325,0.18930386
0.76095116,0.21821028,0.5372888,0.18610469
0.76220274,0.21472523,0.52221525,0.18190186
0.7634543,0.21062182,0.50381565,0.1769959
0.7647059,0.20634897,0.4841651,0.1719269
0.7659575,0.20217867,0.4645513,0.16700748
0.767209,0.19820273,0.44541714,0.16233501
0.7684606,0.1944194,0.42675123,0.15789913
0.76971215,0.19079787,0.40840283,0.1536584
0.7709637,0.1873077,0.39022693,0.14957301
0.77221525,0.1839287,0.37213853,0.14561681
0.7734668,0.18065332,0.35412398,0.14178006
0.7747184,0.1774884,0.33626285,0.1380722
0.77597,0.17445843,0.31876126,0.13452378
0.7772215,0.17159542,0.3019136,0.13116889
0.7784731,0.16889712,0.28581038,0.12799546
0.77972466,0.16644426,0.27091303,0.12511322
0.78097624,0.16412857,0.25651762,0.1224159
0.7822278,0.16145763,0.23949453,0.119309016
0.78347933,0.15874112,0.2217612,0.11617844
0.7847309,0.15611559,0.20443168,0.11319769
0.7859825,0.15357853,0.18756858,0.11035111
0.78723407,0.15116502,0.17136887,0.10766618
0.7884856,0.14890142,0.15598592,0.10516546
0.78973716,0.14679092,0.1414437,0.10284837
0.79098874,0.14482468,0.12769899,0.10070237
0.7922403,0.14299162,0.11469302,0.098712854
0.79349184,0.14128149,0.10237668,0.09686669
0.7947434,0.13968511,0.09070609,0.09515232
0.795995,0.1381934,0.07964126,0.09355906
0.7972466,0.1367964,0.06913576,0.09207617
0.7984981,0.13548316,0.059136964,0.090692885
0.7997497,0.13424183,0.049585737,0.089398436
0.80100125,0.13306089,0.04042373,0.088183224
0.8022528,0.13192958,0.031596042,0.08703894
0.8035044,0.1308387,0.023057558,0.08595931
0.8047559,0.12978101,0.014775969,0.08494021
0.8060075,0.12875144,0.006736137,0.08397972
0.8072591,0.12774771,-0.0010516867,0.0830784
0.80851066,0.12677056,-0.008546434,0.08223919
0.8097622,0.12582445,-0.015668653,0.08146768
0.81101376,0.12491808,-0.022300027,0.080771714
0.81226534,0.12406423,-0.028297327,0.08016024
0.8135169,0.12327822,-0.033521675,0.07964124
0.81476843,0.1225754,-0.03787639,0.07921905
0.81602,0.121967465,-0.0413362,0.07889238
0.8172716,0.12146057,-0.043948792,0.078654416
0.81852317,0.12105409,-0.045817994,0.078493945
0.81977475,0.1207412,-0.047073983,0.0783978
0.82102627,0.120511025,-0.047846697,0.07835287
0.82227784,0.12035048,-0.048250698,0.07834739
0.8235294,0.12024655,-0.048378848,0.07837158
0.824781,0.1201872,-0.048303746,0.07841765
0.8260325,0.120162226,-0.048079394,0.07847967
0.8272841,0.1201632,-0.0477468,0.07855311
0.8285357,0.120183475,-0.047336243,0.07863464
0.82978725,0.12021788,-0.046869658,0.078721754
0.8310388,0.1202625,-0.046363972,0.078812584
0.83229035,0.12031419,-0.04583218,0.07890576
0.8335419,0.12037068,-0.04528334,0.07900028
0.8347935,0.12043031,-0.044724844,0.079095416
0.836045,0.12049174,-0.044161938,0.079190545
0.8372966,0.12055389,-0.04359927,0.07928529
0.8385482,0.12061615,-0.043039344,0.079379335
0.83979976,0.12067791,-0.042484544,0.07947245
0.84105134,0.120738745,-0.04193666,0.079564504
0.84230286,0.12079839,-0.041396998,0.07965538
0.84355444,0.12085662,-0.040866278,0.07974507
0.844806,0.12091339,-0.040344857,0.07983346
0.8460576,0.1209685,-0.03983321,0.079920605
0.8473091,0.12102193,-0.03933146,0.080006465
0.8485607,0.12107372,-0.03883948,0.08009109
0.84981227,0.121123835,-0.03835728,0.0801745
0.85106385,0.121172294,-0.037884496,0.080256745
0.85231537,0.12121917,-0.03742113,0.08033779
0.85356694,0.12126451,-0.03696706,0.08041776
0.8548185,0.121308334,-0.036521576,0.08049666
0.8560701,0.12135071,-0.036084674,0.08057455
0.8573217,0.121391736,-0.03565588,0.080651455
0.8585732,0.12143145,-0.03523519,0.0807274
0.8598248,0.12146983,-0.03482177,0.08080243
0.86107635,0.121507116,-0.034415983,0.08087662
0.86232793,0.121543206,-0.03401699,0.08094995
0.86357945,0.121578254,-0.03362503,0.081022464
0.86483103,0.121612296,-0.03323915,0.08109421
0.8660826,0.12164531,-0.032859944,0.0811652
0.8673342,0.12167745,-0.03248658,0.08123547
0.8685857,0.12170872,-0.03211894,0.08130505
0.8698373,0.12173917,-0.03175714,0.08137396
0.87108886,0.12176882,-0.031400703,0.081442215
0.87234044,0.12179775,-0.031049512,0.081509806
0.873592,0.12182596,-0.030703329,0.08157681
0.87484354,0.12185342,-0.03036239,0.08164318
0.8760951,0.121880315,-0.030025981,0.08170896
0.8773467,0.12190658,-0.029694341,0.081774205
0.8785983,0.121932276,-0.02936735,0.08183887
0.8798498,0.12195736,-0.029044889,0.08190294
0.88110137,0.12198196,-0.0287266,0.08196649
0.88235295,0.12200599,-0.028412603,0.082029514
0.8836045,0.12202955,-0.028103016,0.082092024
0.88485605,0.12205265,-0.027797244,0.08215401
0.8861076,0.12207524,-0.027495526,0.082215495
0.8873592,0.12209743,-0.027198099,0.08227646
0.8886108,0.122119166,-0.02690401,0.082336955
0.8898623,0.12214049,-0.026613973,0.08239691
0.8911139,0.12216145,-0.026327513,0.08245642
0.89236546,0.12218195,-0.026044749,0.08251545
0.89361703,0.122202106,-0.02576556,0.08257403
0.8948686,0.12222187,-0.025490306,0.0826321
0.89612013,0.122241266,-0.02521827,0.08268972
0.8973717,0.12226034,-0.024949573,0.08274688
0.8986233,0.12227905,-0.02468457,0.08280354
0.89987487,0.12229744,-0.024423026,0.08285979
0.9011264,0.1223155,-0.02416446,0.08291559
0.90237796,0.12233318,-0.023909353,0.082970954
0.90362954,0.1223506,-0.023657463,0.08302584
0.9048811,0.122367695,-0.023408793,0.08308032
0.90613264,0.1223845,-0.023163341,0.08313434
0.9073842,0.12240093,-0.022921227,0.083187915
0.9086358,0.12241714,-0.022681855,0.083241075
0.9098874,0.12243301,-0.022445701,0.08329379
0.91113895,0.12244862,-0.02221229,0.08334609
0.9123905,0.12246393,-0.021982215,0.08339793
0.91364205,0.122478984,-0.021755002,0.083449386
0.9148936,0.12249374,-0.02153065,0.083500385
0.9161452,0.122508235,-0.021309279,0.08355099
0.9173967,0.12252244,-0.021091007,0.083601154
0.9186483,0.122536406,-0.020875119,0.08365094
0.9198999,0.12255011,-0.020662092,0.08370026
0.92115146,0.12256355,-0.020451926,0.08374923
0.922403,0.12257672,-0.02024462,0.08379774
0.92365456,0.12258968,-0.02003982,0.08384583
0.92490613,0.12260233,-0.019837879,0.08389353
0.9261577,0.1226148,-0.01963856,0.08394083
0.9274093,0.12262698,-0.019441627,0.08398775
0.9286608,0.12263895,-0.019247554,0.084034234
0.9299124,0.122650705,-0.019055627,0.084080346
0.93116397,0.12266218,-0.01886668,0.08412606
0.93241554,0.122673474,-0.018680118,0.0841714
0.93366706,0.12268453,-0.018496059,0.0842163
0.93491864,0.12269533,-0.018314026,0.08426082
0.9361702,0.12270592,-0.018134855,0.084304996
0.9374218,0.12271629,-0.017958067,0.08434876
0.9386733,0.12272647,-0.017783307,0.08439212
0.9399249,0.122736424,-0.017611168,0.08443514
0.9411765,0.122746184,-0.017440937,0.08447776
0.94242805,0.12275571,-0.017272972,0.08452003
0.9436796,0.12276505,-0.017107628,0.084561884
0.94493115,0.122774154,-0.01694443,0.08460342
0.9461827,0.12278315,-0.01678314,0.084644586
0.9474343,0.12279188,-0.016623996,0.08468539
0.9486859,0.12280038,-0.016467117,0.0847258
0.9499374,0.12280876,-0.016312264,0.08476588
0.951189,0.12281692,-0.016159318,0.084805615
0.95244056,0.12282494,-0.016008519,0.08484498
0.95369214,0.12283271,-0.015859745,0.084884025
0.95494366,0.12284037,-0.015713118,0.0849227
0.95619524,0.12284779,-0.01556804,0.084961064
0.9574468,0.12285504,-0.01542487,0.08499904
0.9586984,0.12286214,-0.015283845,0.08503673
0.9599499,0.12286907,-0.015144609,0.08507408
0.9612015,0.122875854,-0.015007041,0.08511109
0.96245307,0.1228824,-0.014871381,0.085147806
0.96370465,0.12288885,-0.014737509,0.08518419
0.9649562,0.12289514,-0.014605187,0.08522025
0.96620774,0.12290121,-0.014474891,0.085255995
0.9674593,0.12290719,-0.014345907,0.08529142
0.9687109,0.12291298,-0.01421871,0.08532656
0.9699625,0.12291864,-0.014093302,0.085361384
0.971214,0.12292416,-0.013969563,0.085395925
0.9724656,0.122929506,-0.013847016,0.08543016
0.97371715,0.12293472,-0.013726495,0.08546413
0.97496873,0.122939795,-0.013607286,0.085497774
0.97622025,0.1229447,-0.0134891495,0.085531145
0.9774718,0.122949496,-0.01337292,0.08556426
0.9787234,0.12295416,-0.01325836,0.085597076
0.979975,0.12295865,-0.013144992,0.08562963
0.9812265,0.12296306,-0.013032697,0.08566191
0.9824781,0.12296735,-0.01292219,0.08569392
0.98372966,0.12297146,-0.012812875,0.08572567
0.98498124,0.122975476,-0.012705348,0.08575713
0.9862328,0.122979395,-0.012598775,0.08578839
0.98748434,0.12298316,-0.012493275,0.08581937
0.9887359,0.12298677,-0.012389205,0.085850105
0.9899875,0.122990325,-0.012286566,0.085880615
0.9912391,0.12299375,-0.012185,0.085910834
0.9924906,0.12299706,-0.012084745,0.085940875
0.99374217,0.123000234,-0.011985563,0.08597064
0.99499375,0.12300335,-0.011887573,0.08600018
0.9962453,0.1230063,-0.011790775,0.08602951
0.99749684,0.1230092,-0.0116949305,0.08605862
0.9987484,0.12301196,-0.011600278,0.086087465
1.0,0.12301464,-0.011506937,0.0861161
